title,course_link,instructor,rating,price,description,level,skills
HTML+CSS+JS 포트폴리오 실전 퍼블리싱(시즌2),https://www.inflearn.com/course/웹-퍼블리싱-실전-시즌2,코딩웍스(Coding Works),0,56100,"자바스크립트를 이용해서 모바일 앱을 만들 수 있는, 리액트 네이티브 입문자를 위한 강의입니다. 
리액트 네이티브를 개발할때 필요한 기초 지식을 익히고, 간단한 프로젝트를 진행합니다.",초급," React Native, 모바일 앱 개발, JavaScript"
[리뉴얼] 렛츠기릿 자바스크립트,https://www.inflearn.com/course/레츠기릿-자바스크립트,조현영,100,0,애플 웹사이트에 자주 등장하는 고급 인터랙션 효과들을 처음부터 직접 개발하는 방법을 배울 수 있습니다.,중급이상," 인터랙티브 웹, 클론코딩, JavaScript"
코딩인터뷰를 저격하는 JS 스나이퍼 양성학교,https://www.inflearn.com/course/코딩인터뷰-js-양성학교,The Oreum,93,38500,"본 강의에서는 자바스크립트를 활용해 프로그래밍 사고력을 기르는 연습을 합니다. 웹 게임인 구구단을 시작으로 끝말잇기, 숫자 야구, 반응 속도 테스트, 틱택토, 로또 추첨기, 가위바위보, 카드 짝맞추기 게임, 텍스트 RPG, 지뢰 찾기, 2048게임, 두더지 잡기까지 함께 만들어봅시다.",초급," JavaScript, 게임개발"
Do It! 장고+부트스트랩: 파이썬 웹개발의 정석,https://www.inflearn.com/course/두잇-파이썬-웹개발,SungYong Lee,100,132000,자바스크립트(JavaScript)로 코딩테스트를 준비하시는 분을 위한 강좌입니다. 재미있게 풀 수 있는 기초 단계 문제부터 고급 알고리즘까지 단계별로 차근차근 배우도록 설계된 강좌입니다.,초급," 알고리즘, JavaScript, 코딩 테스트"
Google Sheets로 만드는 마크다운 스티커 메모,https://www.inflearn.com/course/구글시트-마크다운-스티커메모,제주코딩베이스캠프,0,27500,"왕초보도 할 수 있는 웹, 서버, 모바일 앱, 머신러닝까지 익히는 끝판왕 풀스택 강의입니다.
개발을 어디서부터 시작할지 막막했다면 이 강의를 강력 추천할게요. Javascript 하나로 진행합니다!",입문," JavaScript, React, Node.js"
얄코의 반응형 프로그래밍 - 자바스크립트로 쉽게 배우는 ReactiveX,https://www.inflearn.com/course/얄코-자바스크립트-reactivex,얄팍한 코딩사전,100,29700,"처음으로 프로그래밍을 시작하는 분들을 위한 웹 개발 입문 강의입니다. HTML, CSS, Javascript를 배우고 인스타그램 포스팅 카드를 만들어봄으로써 웹페이지 제작에 꼭 필요한 기본적인 내용들을 학습합니다.",입문," HTML/CSS, JavaScript, 웹 개발"
<1만 시간의 법칙> 웹 페이지 제작하기,https://www.inflearn.com/course/1만시간-웹페이지-제작,제주코딩베이스캠프,96,0,"⚡ 짧고 굵은 전체 160분 강좌!  웹사이트에서 웹사이트로 코드를 복붙하며, ReactiveX를 통한 반응형 프로그래밍을 익히세요 😎",초급," RxJS, JavaScript, 함수형 프로그래밍"
JavaScript로 배우는 fullPage + anime + SVG Animation 포트폴리오,https://www.inflearn.com/course/인터랙티브-웹-포트폴리오,LIZ.B,73,66000,"자바스크립트를 제대로 배우길 원하는 초급자를 위한 가장 탄탄한 기초 강의입니다. 여러분은 이 강의를 통해 자바스크립트라는 언어를 이해하는 시작점이 될 것이고, 프론트엔드(Vue, React, Angular) 개발자, 서버(Node.js) 개발자가 되기 위한 기초를 완벽하게 준비할 수 있습니다.",초급," JavaScript, ES6, HTML/CSS"
jQuery 입문자를 위한 강의,https://www.inflearn.com/course/제이쿼리-입문,JeongTaeHyun,0,27500,"mongoDB, NoSQL 요즘 많이 들리지만 아직은 낯선 데이터베이스인가요? 관계형 데이터베이스(RDS/SQL)처럼 사용하고 계시지는 않으신가요? 아무리 좋은 기술도 올바르게 사용하지 않으면 역효과가 발생합니다. 그래서 몽고디비 사용 실패 사례도 종종 보이는데요. 이 강의는 mongoDB를 최대한 mongoDB스럽게 사용할 수 있도록 기본 개념부터 실무 노하우까지 가르쳐드려요.",초급," MongoDB, Back-End, REST API"
자바스크립트 제대로 배워볼래?,https://www.inflearn.com/course/자바스크립트-제대로-배워보기,개발자의 품격,100,77000,타입스크립트를 시작하는 분들을 위한 강의입니다. 최신 자바스크립트 문법을 모르는 분들도 쉽게 배울 수 있도록 교과 과정을 구성하였습니다. 어렵게만 느껴지는 타입스크립트를 입문자 관점에서 쉽고 재밌게 배워보겠습니다 😄,초급," TypeScript, Front-End, ES6"
처음 배우는 리액트 네이티브,https://www.inflearn.com/course/처음-배우는-리액트-네이티브,김범준,100,77000,짧은 시간에 실무에서 가장 많이 사용하는 인터랙티브 스킬을 알려드립니다.,초급," 인터랙티브 웹, JavaScript, Front-End"
<M.B.I.T> 테스트 페이지 만들기! with Django,https://www.inflearn.com/course/mbit-테스트-페이지-웹개발,제주코딩베이스캠프,94,38500,"4개 강좌로 구성된 자바스크립트 바이블 강좌의 마지막 강좌입니다. 자바스크립트 스펙의 95% 이상을 다룹니다.
특히, 비동기 통신과 비동기 프로세스 전반을 11단계로 나누어 프레임워크를 만드는 개념으로 접근합니다.",초급," JavaScript, ES6, 알고리즘"
자바스크립트 입문자를 위한 강의,https://www.inflearn.com/course/자바스크립트-입문-강의,JeongTaeHyun,0,27500,"Do it! Vue.js 입문 -> Vue.js 초급 강좌 -> Vue.js 중급 강좌의 계보를 잇는 Vue.js 실전 강좌입니다.
Vue.js 를 실무에서 완벽히 활용 가능하도록 도와줄것 입니다.",중급이상," Front-End, JavaScript, Vue.js"
인터랙티브 개발 실무 끝장내기 [역량 강화편],https://www.inflearn.com/course/인터랙티브-역량강화,코딩일레븐,100,88000,"ES6+와 함수형 프로그래밍을 배울 수 있는 강의입니다. 이 강좌에서는 ES6+의 이터러블/이터레이터/제너레이터 프로토콜을 상세히 다루고 응용합니다.
이터러블을 기반으로한 함수형 프로그래밍, map/filter/reduce, 파이프라인, 제너레이터를 통한 지연 평가, Promise 합성, 동시성/병렬성, async/await와 비동기 에러 핸들링 등을 배울 수 있습니다. 이 강좌를 습득하고 연습하여 중급 자바스크립트 개발자로 성장하세요!",초급," Front-End, JavaScript, 함수형 프로그래밍"
[하루 10분|Web Project] HTML/JS/CSS로 나만의 심리테스트 사이트 만들기,https://www.inflearn.com/course/심리테스트-사이트-제작,판다코딩,95,0,"실무에서 사용하는 인터랙티브 JS, CSS 노하우를 아낌없이 공개합니다.",초급," 인터랙티브 웹, JavaScript, 웹 개발"
mongoDB 기초부터 실무까지(feat. Node.js),https://www.inflearn.com/course/몽고디비-기초-실무,김시훈,97,77000,"만들면서 배우는 파이썬 웹개발 A to Z! 웹 기초부터 블로그 개발, 배포까지 한 번에 배워요.",초급," Python, Django, Bootstrap"
자바스크립트 알고리즘 문제풀이(코딩테스트 대비),https://www.inflearn.com/course/자바스크립트-알고리즘-문제풀이,김태원,97,60500,"현업에서 실제 웹서비스를 개발한 경험을 기반으로, 입문자를 위한 실제 상용화도 가능한 수준의 웹과 앱서비스를 개발하는 것을 목표로 하는 풀스택 시리즈 강의입니다. 이를 위한 Part2 강의로 다양한 기술이 존재하는 프런트엔드 기술에서 반응형, 호환성까지 고려한 최신 HTML5, CSS3, 바닐라 자바스크립트 (Javascript) + ES6 를 모두 견고하게 싹 정리하는 강의입니다.",입문," Front-End, HTML/CSS, JavaScript"
비전공자를 위한 진짜 올인원 개발 클래스,https://www.inflearn.com/course/올인원-개발클래스,그랩,97,143000,자바스크립트에 대한 깊이 있는 이해를 원하시는 분에게 적합한 강의입니다. 2020년 기준 자바스크립트 최신 문법을 다룹니다.,중급이상," JavaScript, ES6"
"풀스택을 위한 탄탄한 프런트엔드 부트캠프 (HTML, CSS, 바닐라 자바스크립트 + ES6) [풀스택 Part2]",https://www.inflearn.com/course/프런트엔드-풀스택-2,잔재미코딩,97,66000,"페이스북을 직접 만들어 보며 Django, 데이터 분석, 풀스택 웹 개발까지 경험해 볼 수 있는 강의입니다.",입문," HTML/CSS, JavaScript, Python"
코딩 입문 - 하다 보니 알게 되는 자바스크립트,https://www.inflearn.com/course/자바스크립트-기초,월리,94,0,"Vue.js로 쉽게 웹 개발할 수 있도록 기본 개념과 핵심 기능에 대해서 학습하고 구현해봅니다.
강좌를 들으시고 나면 Vue.js로 프런트엔드 개발을 하시는게 재밌어질거에요.",초급," Front-End, JavaScript, Vue.js"
실전 자바스크립트,https://www.inflearn.com/course/실전-자바스크립트,이재승,100,35200,이 강좌는 함수형 프로그래밍과 JavaScript ES6+의 시리즈 강좌로 다양한 응용 사례를 다룹니다.,중급이상," Front-End, JavaScript, Back-End"
타입스크립트 입문 - 기초부터 실전까지,https://www.inflearn.com/course/타입스크립트-입문,장기효(캡틴판교),99,55000,"다른 웹 어플리케이션을 내 손으로 구현하는 과정을 통해 여러분은 Vuejs의 중급 기술(Vuex, Vue-Router, Http)을 학습할 수 있을 것입니다. ",중급이상," Front-End, JavaScript, Vue.js"
쉽고 빠르게 만드는 다양한 이미지 이펙트!,https://www.inflearn.com/course/자바스크립트-이미지-이펙트,깡코딩,0,22990,"코딩인터뷰를 앞두고 계신다구요? 제대로 찾아오셨습니다! 
평소에 이해가 잘 가지 않거나, 들어도 들어도 헷갈리는 자바스크립트 개념들을 모아모아 함께 파고드는 시간을 마련했습니다 :) 면접관의 하트를 저격할 준비 되셨나요?",중급이상," JavaScript, 코딩 테스트, 알고리즘"
실용적인 웹 프로그래밍,https://www.inflearn.com/course/실용적인-웹-프로그래밍,설리번 프로젝트,86,0,Vue.js로 실무 하시는 분들께 필요한 모든 것을 담았습니다. 실제 백엔드 API로 구현하는 학습 노트 CRUD 애플리케이션. 생산성 높은 프로젝트 환경 구축과 백엔드 개발자와 협업하는 방법에 대한 메시지를 꼭 확인해보세요 :),중급이상," Front-End, JavaScript, Vue.js"
자바스크립트 ES6+ 심화,https://www.inflearn.com/course/자바스크립트-es6-심화,김영보,97,38500,웹 게임을 만들며 배우는 자바스크립트의 후속작으로 같은 게임을 타입스크립트로 만들어봅니다.,초급," JavaScript, TypeScript, Front-End"
시간의 마법사 RxJS - setTimeout 은 No! 모든 비동기 작업들을 한방에 해결하자,https://www.inflearn.com/course/rxjs-비동기작업,나무,85,27500,"SW강사를 희망하는 모두를 위한 수업으로 커리큘럼과 자료 제공, 15년차 현직 강사의 노하우와 꿀팁까지 한번에 해결할 수 있습니다.","입문, 초급"," HTML/CSS, JavaScript, Python"
프로그래밍 시작하기: 웹 입문 (Inflearn Original),https://www.inflearn.com/course/웹개발-입문-인프런-오리지널,인프런,88,55000,"HTML+CSS+JS 실전 포트폴리오(시즌2)는 중급 퍼블리싱으로 다양한 실전 예제 학습을 통해 퍼블리싱 중급 실력을 위한 퍼블리싱 기본기를 익히시게 됩니다. 특히, 다양한 실전 예제와 전체 반응형 웹사이트 제작을 통해 중급 퍼블리싱에 자신감이 생기고 수업한 작업물을 통해 취업을 위한 개인 포트폴리오로 귀중한 자료가 툅니다. 38시간 가까운 충분한 학습량과 실전 예제를 통한 중급 퍼블리시 노하우를 익히게 되는 퍼블리싱 수업입니다.",초급," HTML/CSS, jQuery, JavaScript"
몇 줄로 끝내는 인터랙티브 웹 개발 노하우 [초급편],https://www.inflearn.com/course/자바스크립트-인터랙티브-웹,코딩일레븐,93,44000,개발 유형을 테스트하는 웹 페이지를 만들어보세요! MBTI아닌 MBIT(My Best IT personalities)! 'MBIT 테스트 페이지'를 직접 만들어보며 웹 개발의 전반적인 프로세스를 익혀볼 수 있습니다. (Django 3.1 버전을 사용합니다.),초급," Front-End, Back-End, HTML/CSS"
초보자도 만들 수 있는 애플 스크롤 인터렉션. 1편 자바스크립트,https://www.inflearn.com/course/애플-스크롤-인터렉션-자바스크립트,깡코딩,89,121000,"Vanilla Javascript + fullPage.js + SVG Animation 인터랙티브 웹 포트폴리오! 
취업과 이직을 위한 필수 코스!",초급," 인터랙티브 웹, JavaScript"
Javascript ES6+ 제대로 알아보기 - 보너스,https://www.inflearn.com/course/자바스크립트-es6-보너스,정재남,95,0,"단순히 특정  사이트를 따라 만드는 강의가 아니라 지식공유자가 공유하는 스크롤 인터렉션 노하우, 핵심요소를 기초부터 탄탄히 배워 애플 등 국내 기업에서 많이 사용하는 UI 스크롤 인터렉션의 다양한 기법들과 모션 등을 배우고 만들어 봅니다.",초급," Front-End, JavaScript, HTML/CSS"
애플 웹사이트 인터랙션 클론!,https://www.inflearn.com/course/애플-웹사이트-인터랙션-클론,1분코딩,100,77000,"자바스크립트 환경에서 머신러닝 개념을 다룹니다.
자바스크립트와 TensorFlow.js로 머신러닝을 구현하는 형태와 코드를 다룹니다.",중급이상," Tensorflow, JavaScript, 머신러닝"
처음하는 코딩 - 플레이봇 (중등교육 -Javascript),https://www.inflearn.com/course/플레이봇-중등교육-자바스크립트,제주코딩베이스캠프,0,22000,"이 강좌를 통해 문법을 보다 명확하게 이해하시고, 문제 풀이에 대한 자신감을 얻으시길 바랍니다.",초급," JavaScript, 코딩 테스트, 알고리즘"
Javascript 초보 Real 웹앱 개발 - 1부: Vue 개념~초급,https://www.inflearn.com/course/real-웹앱-개발-vuejs-1부,배동훈,62,11000,4개 강좌로 구성된 자바스크립트 바이블 강좌의 2번째 강좌입니다. 자바스크립트 엔진 이해를 통해 자바스크립트에 최적화된 프로그램을 개발할 수 있습니다. 자신 있게 시스템을 설계할 수 있습니다.,초급, JavaScript
페이스북 클론 - full stack 웹 개발,https://www.inflearn.com/course/페이스북-풀스택-클론-웹개발,제주코딩베이스캠프,86,165000,4개 강좌로 구성된 자바스크립트 바이블 강좌의 1번째 강좌입니다. 기본에 충실하였습니다. 자바스크립트의 근본을 이해하는데 중점을 두었습니다. 자바스크립트 스펙의  95% 이상을 다룹니다.,초급," JavaScript, 객체지향"
자바스크립트 머신러닝 TensorFlow.js,https://www.inflearn.com/course/자바스크립트-머신러닝-tensorflow,김영보,92,132000,이 강좌는 코딩을 처음 하시는 분들에게는 빠르게 훑을 수 있는 강의가 될 것입니다. 이미 코딩을 하시는 분들에게는 복습을 빠르게 할 수 있는 강의가 될 것입니다. 이 강의를 통해 자신감을 얻으셨으면 좋겠습니다.,입문," HTML/CSS, JavaScript, Python"
생활코딩 - JavaScript Immutability,https://www.inflearn.com/course/javascript-immutability,Egoing Lee,99,0,크리에이티브 넘치는 인터랙티브 웹페이지를 개발할 수 있는 기본기를 다질 수 있는 수업입니다.,초급," Front-End, HTML/CSS, JavaScript"
나도 할 수 있다! SW강사!,https://www.inflearn.com/course/SW강사-강의,제주코딩베이스캠프,92,132000,ES6+ 제대로 알아보기 강좌는 Javascirpt의 ES6 및 이후의 표준 ECMAScript 명세에 대하여 이론을 바탕으로 ES5와 달라진 점 및 개념과 동작 원리를 깊이 있게 알려드립니다.,초급," JavaScript, ES6"
Vue.js 끝장내기 - 실무에 필요한 모든 것,https://www.inflearn.com/course/vue-js-끝내기-캡틴판교,장기효(캡틴판교),96,110000,"Vue.js 중급 강좌 -  '누구나', '쉽게', '훌륭한' 웹 어플리케이션을 만들 수 있도록 도와주는 Vue.js 활용 강좌 입니다. Vue.js 에 대한 기본적인 이해를 바탕으로 Todo 앱을 만들어 보며 코드 중심의 실용적인 지식을 배우게 됩니다.",중급이상," JavaScript, Vue.js, ES6"
웹 게임을 만들며 배우는 TypeScript,https://www.inflearn.com/course/웹게임을-만들며-배우는-typescript,조현영,73,33000,"ES6 이전까지의 자바스크립트 전체를 관통하는 핵심 개념들에 대하여, 전반적인 흐름을 살펴보는 강의입니다. ",초급," JavaScript, 알고리즘"
자바스크립트 ES6+ 기본,https://www.inflearn.com/course/자바스크립트-es6-기본,김영보,97,38500,"마플(http://www.marpple.com)의 CTO 유인동님이 알려주는 함수형 프로그래밍에 대한 강좌 입니다.
함수형 프로그래밍으로 라이브러리를 직접 만들어가며 함수형 프로그래밍의 패러다임과 코딩의 즐거움을 느낄 수 있습니다.",초급," JavaScript, 함수형 프로그래밍"
"웹 개발 슈퍼 기초 (HTML, CSS, Javascript)",https://www.inflearn.com/course/웹-개발-기초-입문,개복치개발자,94,11000,"간단한 마크다운 메모 웹 애플리케이션을 만들어봅니다. 
Notion처럼 마크다운을 사용할 수 있는 스티커 메모지에요!",초급," 웹앱, JavaScript, ES6"
제주코딩베이스캠프 Code Festival: JavaScript 100제,https://www.inflearn.com/course/제주코딩-자바스크립트-100제,제주코딩베이스캠프,90,55000,자바스크립트와 CSS로 흩어진 이미지 조각을 하나의 이미지로 완성하는 다양한 패턴의 이미지 이펙트를 따라 만들고 랜덤으로 나타나도록 처리합니다. 이 수업을 응용한다면 수강생 여러분의 독창적인 이펙트를 만들 수 있을 거라 생각되네요!,초급," Front-End, JavaScript, HTML/CSS"
3D리플릿 만들기 - 인터랙티브 웹 프로젝트,https://www.inflearn.com/course/인터랙티브웹-리플릿만들기,1분코딩,98,16500,"Javascript를 비롯한 많은 프로그래밍 언어에서 비동기작업은 가장 까다롭고 소프트웨어의 복잡도를 올리는 요소 중 하나입니다. setTimeout, setInterval 과 같은 원시적인 비동기 프로그래밍은 버리고  RxJS 를 통해 복잡했던 비동기작업들을 손쉽게 처리할 수 있습니다.",초급," JavaScript, 함수형 프로그래밍, RxJS"
자바스크립트 중고급: 근본 핵심 이해,https://www.inflearn.com/course/자바스크립트-중고급,김영보,95,38500,제주에서 진행하는 부트캠프를 온라인으로! 빠르게 자신만의 서비스를 만들어보세요! :),입문," HTML/CSS, JavaScript, Python"
"HTML, CSS, JS, Python 30분 요약강좌",https://www.inflearn.com/course/제주코딩-웹개발-30분요약,제주코딩베이스캠프,95,0,"순수 자바스크립트와 VueJS라는 UI Library를 이용하여 쇼핑몰 검색 페이지를 만들어 보며 VueJS 개발 학습을 진행합니다.
순수 자바스크립트와 VueJs 로 개발을 각기 진행하며 각 개발의 차이점과 MVC, MVVM 디자인 패턴의 차이도 배울 수 있습니다.",초급," Front-End, JavaScript, Vue.js"
자바스크립트 비기너: 튼튼한 기본 만들기,https://www.inflearn.com/course/자바스크립트-비기너,김영보,94,33000,제주코딩베이스캠프의 무료 강의가 돌아왔습니다!! 함께 1만 시간의 법칙 서비스를 만들어보고 Github에 배포까지 해봐요!! :) 아무것도 모르신다고요? 괜찮습니다. 이 강의에 모두 준비되어 있어요!,입문," HTML/CSS, JavaScript, VSCode"
"Angular, 앵귤러 100분 핵심강의",https://www.inflearn.com/course/angular-100min,노마드크리에이터,47,27500,자바스크립트로 코딩 입문하기,입문, JavaScript
Vue.js 시작하기 - Age of Vue.js,https://www.inflearn.com/course/Age-of-Vuejs,장기효(캡틴판교),99,33000,ES6+ 제대로 알아보기 강좌는 Javascirpt의 ES6 및 이후의 표준 ECMAScript 명세에 대하여 이론을 바탕으로 ES5와 달라진 점 및 개념과 동작 원리를 깊이 있게 알려드립니다.,초급," JavaScript, ES6"
TDD 개발 방법론을 활용한 React Native 앱 개발,https://www.inflearn.com/course/React-TDD,박동호,85,29700,"플레이봇은 Javascript 또는 Python으로 학생들이 SW를 보다 쉽게 학습할 수 있도록 만든 교육용 SW입니다.  여기서는 SW로 무엇을 할 수 있는지 배우고, 간단한 실습을 통해 컴퓨팅사고력을 기를 수 있도록 도움을 드립니다. (여기서 언어는 Javascript 사용)",입문, JavaScript
코알못에서 웹서비스 런칭까지 : 제주 코딩 베이스캠프(Django),https://www.inflearn.com/course/web_fullstack,제주코딩베이스캠프,90,99000,4개 강좌로 구성된 자바스크립트 바이블 강좌의 3번째 강좌입니다. 자바스크립트 스펙의 95% 이상을 다룹니다. ES6+ 환경에서 새로운 패러다임의 프로그램을 개발할 수 있습니다.,초급," JavaScript, ES6"
함수형 프로그래밍과 JavaScript ES6+ 응용편,https://www.inflearn.com/course/함수형_ES6_응용편,유인동,100,44000,"코딩을 처음 해볼까 라고 생각하신 분들을 위한 아주아주 기초적인 웹 개발에 대한 내용입니다.
",입문," HTML/CSS, JavaScript, 웹 퍼블리싱"
인터랙티브 웹 개발 제대로 시작하기,https://www.inflearn.com/course/interactive_web,1분코딩,99,55000,"인터랙티브 웹 프로젝트는, CSS와 자바스크립트를 이용해 창의적인 인터랙션이 있는 예제를 하나씩 만들어보는 시리즈입니다.",중급이상," HTML/CSS, JavaScript, 웹 퍼블리싱"
Node.js로 웹 크롤링하기,https://www.inflearn.com/course/크롤링,조현영,97,55000,"네이버, 아마존, 트위터, 유튜브, 페이스북, 인스타그램, unsplash.com 등의 사이트를 크롤링하며 실전에 적용해봅니다.",중급이상," JavaScript, Node.js, 웹 크롤링"
게임으로 배우는 JavaScript,https://www.inflearn.com/course/javascript-game,노마드크리에이터,100,0,ES6+ 제대로 알아보기 강좌는 Javascript의 ES6 및 이후의 표준 ECMAScript 명세에 대하여 이론을 바탕으로 ES5와 달라진 점 및 개념과 동작 원리를 깊이 있게 살펴봅니다.,중급이상," Front-End, JavaScript, ES6"
Vue.js 완벽 가이드 - 실습과 리팩토링으로 배우는 실전 개념,https://www.inflearn.com/course/vue-js,장기효(캡틴판교),97,77000,리액트를 누구든지 쉽고 재밌게 시작 할 수 있도록 만들어진 강좌입니다.,초급," Front-End, JavaScript, React"
함수형 프로그래밍과 JavaScript ES6+,https://www.inflearn.com/course/functional-es6,유인동,98,55000," 서버측 Javascript 인 NodeJS 를 이용해 쿠키, 로그인 기능을 구현해보고 앞선 nodeJS 강좌에서의 성과물과 합쳐 온전한 웹 애플리케이션을 만들어 보는 강좌입니다.",초급," JavaScript, Node.js"
윤재성의 처음시작하는 JavaScript Tutorials,https://www.inflearn.com/course/javascript,소프트캠퍼스,96,16500,생활코딩의 자바스크립트 언어 기본 수업입니다. 기본 문법을 통한 자바스크립트 기본에 대해 배울 수 있습니다.,입문, JavaScript
Javascript ES6+ 제대로 알아보기 - 중급,https://www.inflearn.com/course/es6-2,정재남,99,49500,"HTML / JS / CSS 만을 가지고 직접 심리 테스트 사이트를 만들고, 배포해보는 Project 사이트를 제작합니다.",초급," HTML/CSS, JavaScript, Bootstrap"
"트렐로 개발로 배우는 Vuejs, Vuex, Vue-Router 프론트엔드 실전 기술",https://www.inflearn.com/course/vuejs,김정환,97,55000,프로그래밍은 우리가 원하는 방향을 실현해주는 마법이에요. 우리 주변의 웹 서비스의 문제를 해결하며 웹 프로그래밍을 경험해봅니다.,입문," HTML/CSS, JavaScript, 웹 개발"
자바스크립트로 알아보는 함수형 프로그래밍 (ES5),https://www.inflearn.com/course/함수형-프로그래밍,유인동,97,0,"이 강의는 초보 Javascript 개발자가 직접 Real 웹앱을 개발할 수 있는 개발자가 되는 것에 초점을 맞추고 있습니다.
이 강의를 수강하시면 Vue.js 와 관련된 기본적인 개념부터 Real 웹앱 개발을 해 볼 수 있습니다.  
이 강의는 1부 기본기 이며, 2부와 3부를 통해서 실제 Real 웹앱을 구현해 보도록 하겠습니다.
Javascript 나 CSS 와 같은 선수지식 없이도 기본적인 간단한 Html 만 알아도, 
학습할 수 있도록 쉽게 구성하였습니다.  
강의 후반부가 되면, 분명 Vue.js  에 대한 기본 코딩이 가능할 수 있을 것입니다.",입문," Front-End, JavaScript, Vue.js"
누구든지 하는 리액트: 초심자를 위한 react 핵심 강좌,https://www.inflearn.com/course/react-velopert,velopert(김 민준),95,16500,"생활코딩에서 제공하는 자바스크립트 관련 강의로, 자바스크립트에서 데이터를 불변하게 다루는 방법에 대한 수업입니다.",초급, JavaScript
Javascript ES6+ 제대로 알아보기 - 초급,https://www.inflearn.com/course/ecmascript-6-flow,정재남,99,35200,개발자 출신의 교육 전문가들이 만든 최고품질의 소프트웨어 교육기관 코드스쿼드에서 진행하는 코드스쿼드 마스터즈 코스 레벨1 입니다. Javascript 입문 과정으로서 직접 프로그래밍을 구현을 통해서 코딩의 기초 개념을 배우는것을 목표로 하고 있습니다.,입문, JavaScript
"Vue.js 중급 강좌 - 웹앱 제작으로 배워보는 Vue.js, ES6, Vuex",https://www.inflearn.com/course/vue-pwa-vue-js-중급,장기효(캡틴판교),98,49500,https://opentutorials.org(생활코딩 사이트)를 만들어가면서 JavaScript에 대한 지식과 경험을 동시에 채워드리기 위한 목적으로 만들어진 수업입니다. ,초급, JavaScript
쉽고 자연스럽게 배워보는 Javascript 입문 - 코드스쿼드 마스터즈 코스 레벨1,https://www.inflearn.com/course/javascript-자바스크립트-codesquad-masters_lv1,호눅스,88,22000,"자바스크립트 입문을 하시고 싶으신가요?
그럼 저의 강의를 선택해 주세요.",초급, JavaScript
실습 UI 개발로 배워보는 순수 javascript 와 VueJS 개발,https://www.inflearn.com/course/순수js-vuejs-개발-강좌,김정환,96,44000,"간단한 ReactNative 앱을 TDD 방법론을 통해 개발하면서 TDD 의 개념을 확실히 익히고, ReactNative 모바일 앱 개발에 적용할 수 있도록 연습합니다.",초급," JavaScript, React, React Native"
WEB2 - JavaScript,https://www.inflearn.com/course/web2-javascript,Egoing Lee,99,0,생활코딩 자바스크립트 강좌 입니다. 웹브라우저를 직접 제어할 수 있는 자바스크립트 레퍼런스를 공부해 봅니다.,초급, JavaScript
Javascript 핵심 개념 알아보기 - JS Flow,https://www.inflearn.com/course/핵심개념-javascript-flow,정재남,96,15400,게임프로그램을 직접 만들어보면서 자바스크립트의 기본과 실전능력을 키우는 강의입니다. ,입문, JavaScript
퓨즈 스터디를 원하다[Wonhada],https://www.inflearn.com/course/fusetools,원강민,95,0,"JavaScript 언어에 대한 개요, 기초 문법, 제공 라이브러리까지 JavaScript에 대한 전반적인 내용을 학습할 수 있습니다.",입문, JavaScript
모던 자바스크립트(javascript) 개발을 위한 ES6 강좌,https://www.inflearn.com/course/es6-강좌-자바스크립트,윤지수,93,0,"자바스크립트 표준 ECMAScript!
큰 변화가 있었고, 모던 자바스크립트의 축이 되는 ES2015 (ES6) 를 학습하는 강좌 입니다. 
이 강좌는 전체내용을 교과서적으로 자세히 설명하는 방식이 아닌, 각 feature별 짧은 실습코드를 통해서 실제로 어떻게 구현하고 활용하는지를 배울 수 있습니다.

코드스쿼드의 윤지수 Front-End 마스터가 각 기능을 예제코드를 통해 이해하는 실습형 강좌입니다.",초급," JavaScript, ES6"
Node.js 웹개발로 알아보는 백엔드 자바스크립트의 이해,https://www.inflearn.com/course/node-js-웹개발,윤지수,92,0,Javascript를 편리하게 사용할 수 있는 library인 jQuery에 대해 학습합니다.,초급," jQuery, JavaScript"
Sencha ExtJS 6 로 화면개발 더이상 고민하지 말자 - 기초편,https://www.inflearn.com/course/sencha-extjs-6-기초,개발로짜,95,0,자바스크립트와 XML을 이용해 쉽고 빠르게 iOS와 안드로이드 앱을 만들어보세요.,중급이상," JavaScript, 모바일 앱 개발, XML"
Node.Js 활용하기,https://www.inflearn.com/course/node-js-활용,Egoing Lee,100,0,이 강좌는 Angular를 기반으로 간단하지만 유용한 petlist 프로젝트를 100분 핵심강의로 축약하여 짧은 시간에 실전에 활용할 수 있는 모바일 웹앱 개발역량을 키울 수 있습니다.,초급," JavaScript, Angular"
자바스크립트 언어 기본 - javascript,https://www.inflearn.com/course/지바스크립트-언어-기본,Egoing Lee,98,0,"Node.js,의 핵심기능을 다루면서 백엔드에서 자바스크립트가 어떻게 동작하는지를 알아보고, Angular나 React와 같은 복잡한 애플리케이션 개발(SPA)에 필요한 back-end 핵심 요소를 다룹니다.
간결한 동영상들로 핵심적인 내용들을 빠르고 중요하게 다뤄 개발의 흐름을 익히고, 따라하는 실습으로 개발 경험을 쌓을 수 있습니다.",중급이상," Back-End, JavaScript, Node.js"
웹브라우저 Javascript (자바스크립트),https://www.inflearn.com/course/javascript-자바스크립트-강좌,Egoing Lee,98,0,"디자이너 + 퍼블리셔 + 개발자의 조합으로 대부분의 사이트를 제작합니다.
순수하게 Sencha의 ExtJS 컴포넌트를 이용하면, 디자이너와 퍼블리셔 없이 화면개발이 가능합니다.
단, 상용화 목적으로 ExtJS를 사용하신다면, 라이센스정책을 정확하게 숙지하시고 사용하시길 바라겠습니다.",초급, JavaScript
