https://www.inflearn.com/course/파이썬-데이터분석-캐글입문,[비전공자 대환영] 제로베이스도 쉽게 입문하는 파이썬 데이터 분석 - 캐글입문기,ChloEvan,"₩33,000₩24,750",0,"데이터 분석 경험이 전혀 없는 비전공자, 취준생, 입문자의 눈높이에 맞춰 기획된 입문 강의로 파이썬부터 세계 최대 데이터 분석 플랫폼인 캐글에 입문 할 수 있도록 도와줍니다. 데이터 분석 커리어를 쌓아가기 위한 취업 포트폴리오까지 함께 만들어갑니다.","
입문
","
 Python, 데이터 분석, Kaggle
"
https://www.inflearn.com/course/데이터-분석-파이썬-기초,데이터 분석을 위한 파이썬: 입문부터 꿀팁까지,데이터리안,"₩38,500",100,"인프런 누적 수강생 9000명 이상, 풍부한 온/오프라인 강의 경험을 가진 데이터리안의 파이썬 기초 강의. 비전공자 분들도 쉽게 학습하실 수 있도록 프로그램 설치 등 군더더기를 과감하게 생략하고 파이썬의 핵심만 가르칩니다. 데이터 분석을 목적으로 파이썬 학습을 하시는 분들에게 최적의 강의입니다.","
입문
","
 Python, 데이터 분석
"
https://www.inflearn.com/course/엑셀-5시간-끝내기,꼭 필요한 엑셀 5시간으로 끝내기와 3시간으로 ITQ엑셀 자격증취득,박쌤컴퓨터,"₩19,800",97,"엑셀(Excel)을 어려워하시는 분들에게 꼭 알아야 할 핵심만을 최단 시간에 전달합니다. 그리고, 자격증 취득까지 1석2조의 효과. 이 기회에 엑셀실무와 자격증의 기회를 잡으세요. 엑셀이란 프로그램은 다른 OA 프로그램과 다르게 기능이나 활용 측면에서 복잡한 부분이 많습니다. 오랜 시간 강의를 하며 쌓아온 노하우를 바탕으로 엑셀의 핵심만을 다루고 있습니다. 실무활용과 관련하여, 단시간에 엑셀 실무 능력 향상과 함께 실무에서 활용성이 높은 ITQ엑셀 자격증 취득까지 한번에 할수있습니다.","
입문
","
 Excel, MS-Office, 사무실무
"
https://www.inflearn.com/course/실무-sql,배워서 바로쓰는 SQL 쿼리,Joe,"₩59,400",96,개발자의 도움 없이 직접 원하는 데이터를 추출할 수 있게 됩니다. 간단한 쿼리부터 Join까지 분석에 필요한 모든 내용을 부담없이 담겠습니다.,"
입문
","
 SQL, 데이터 분석
"
https://www.inflearn.com/course/월간-데이터리안-3월,[월간 데이터리안 웹 세미나 VOD] 2022년 3월 | 데이터 분석가는 어떤 일을 하나요?,데이터리안,"₩11,000",0,"바깥에서 보는 업무와 실제로 하는 업무가 데이터 분석가만큼 다른 직군이 있을까요? 데이터 분석가가 무슨 일을 하는지, 그리고 어떤 일들을 해야하는지 궁금하신 분들을 위해 3월 웨비나를 준비했습니다.","
입문
","
 데이터 분석, 취업
"
https://www.inflearn.com/course/기초부터-실무까지-sql,직접 활용할 수 있는 SQL - 기초부터 실무 활용까지,MJ코딩,"₩48,400₩43,560",0,"실제 실무에서 필요로 하는 데이터를 추출하실 수 있도록, 데이터베이스와 SQL을 기본부터 활용(이론+실습)까지 차근차근 배우겠습니다.","
입문
","
 SQL, 데이터베이스, DBMS/RDBMS
"
https://www.inflearn.com/course/sql-모두의-데이터분석,"핵심만 쉽게, 모두의 SQL 데이터 분석",데이터셰프,"₩99,000",93,"SQL 데이터 분석 방법에 대해 분석 프로젝트와 이론을 통해, 핵심만 쉽게 족집게처럼 알려드립니다.","
입문
","
 SQL, 데이터 분석, 퍼포먼스 마케팅
"
https://www.inflearn.com/course/파이썬-데이터분석-캐글입문,[비전공자 대환영] 제로베이스도 쉽게 입문하는 파이썬 데이터 분석 - 캐글입문기,ChloEvan,"₩33,000₩24,750",0,"데이터 분석 경험이 전혀 없는 비전공자, 취준생, 입문자의 눈높이에 맞춰 기획된 입문 강의로 파이썬부터 세계 최대 데이터 분석 플랫폼인 캐글에 입문 할 수 있도록 도와줍니다. 데이터 분석 커리어를 쌓아가기 위한 취업 포트폴리오까지 함께 만들어갑니다.","
입문
","
 Python, 데이터 분석, Kaggle
"
https://www.inflearn.com/course/데이터-분석-파이썬-기초,데이터 분석을 위한 파이썬: 입문부터 꿀팁까지,데이터리안,"₩38,500",100,"인프런 누적 수강생 9000명 이상, 풍부한 온/오프라인 강의 경험을 가진 데이터리안의 파이썬 기초 강의. 비전공자 분들도 쉽게 학습하실 수 있도록 프로그램 설치 등 군더더기를 과감하게 생략하고 파이썬의 핵심만 가르칩니다. 데이터 분석을 목적으로 파이썬 학습을 하시는 분들에게 최적의 강의입니다.","
입문
","
 Python, 데이터 분석
"
https://www.inflearn.com/course/엑셀-5시간-끝내기,꼭 필요한 엑셀 5시간으로 끝내기와 3시간으로 ITQ엑셀 자격증취득,박쌤컴퓨터,"₩19,800",97,"엑셀(Excel)을 어려워하시는 분들에게 꼭 알아야 할 핵심만을 최단 시간에 전달합니다. 그리고, 자격증 취득까지 1석2조의 효과. 이 기회에 엑셀실무와 자격증의 기회를 잡으세요. 엑셀이란 프로그램은 다른 OA 프로그램과 다르게 기능이나 활용 측면에서 복잡한 부분이 많습니다. 오랜 시간 강의를 하며 쌓아온 노하우를 바탕으로 엑셀의 핵심만을 다루고 있습니다. 실무활용과 관련하여, 단시간에 엑셀 실무 능력 향상과 함께 실무에서 활용성이 높은 ITQ엑셀 자격증 취득까지 한번에 할수있습니다.","
입문
","
 Excel, MS-Office, 사무실무
"
https://www.inflearn.com/course/실무-sql,배워서 바로쓰는 SQL 쿼리,Joe,"₩59,400",96,개발자의 도움 없이 직접 원하는 데이터를 추출할 수 있게 됩니다. 간단한 쿼리부터 Join까지 분석에 필요한 모든 내용을 부담없이 담겠습니다.,"
입문
","
 SQL, 데이터 분석
"
https://www.inflearn.com/course/월간-데이터리안-3월,[월간 데이터리안 웹 세미나 VOD] 2022년 3월 | 데이터 분석가는 어떤 일을 하나요?,데이터리안,"₩11,000",0,"바깥에서 보는 업무와 실제로 하는 업무가 데이터 분석가만큼 다른 직군이 있을까요? 데이터 분석가가 무슨 일을 하는지, 그리고 어떤 일들을 해야하는지 궁금하신 분들을 위해 3월 웨비나를 준비했습니다.","
입문
","
 데이터 분석, 취업
"
https://www.inflearn.com/course/기초부터-실무까지-sql,직접 활용할 수 있는 SQL - 기초부터 실무 활용까지,MJ코딩,"₩48,400₩43,560",0,"실제 실무에서 필요로 하는 데이터를 추출하실 수 있도록, 데이터베이스와 SQL을 기본부터 활용(이론+실습)까지 차근차근 배우겠습니다.","
입문
","
 SQL, 데이터베이스, DBMS/RDBMS
"
https://www.inflearn.com/course/sql-모두의-데이터분석,"핵심만 쉽게, 모두의 SQL 데이터 분석",데이터셰프,"₩99,000",93,"SQL 데이터 분석 방법에 대해 분석 프로젝트와 이론을 통해, 핵심만 쉽게 족집게처럼 알려드립니다.","
입문
","
 SQL, 데이터 분석, 퍼포먼스 마케팅
"
https://www.inflearn.com/course/비전공자-데이터분석-입문-파이썬,비전공자를 위한 가장 쉬운 데이터분석 입문,런어데이,"₩22,000",100,"데이터 분석이라고 하면 왠지 거창하게 들리지만, 사실은 가설을 세우고 데이터를 바탕으로 이를 검증하는 과정입니다. 내가 세운 가설을 검증하려면 어떤 데이터를 어떻게 분석해야 하는지는 파이썬을 활용해 배울 수 있습니다.","
입문
","
 Python, Pandas, 데이터 분석
"
https://www.inflearn.com/course/12시간-r-데이터분석,NEW 2022 12시간 안에 끝내는 R 활용 데이터분석 / 시각화,스마트인재캠퍼스,"₩39,600₩29,700",0,"빅데이터, 데이터 분석이 중요하다는 말들은 주변에서 많이 듣습니다. 그런데 정작 초보자들이 관련 지식을 접할 수 있는 곳은 많지 않습니다. 본 교육 과정은 빅데이터 전문 교육기관에서 다년간 쌓아온 전문화된 교육 방식을 토대로
2022년에 리뉴얼된 강의로, R언어를 활용한 데이터분석의 기초부터 데이터 시각화까지 알려드립니다.","
입문
","
 R, 데이터 시각화, ggplot2
"
https://www.inflearn.com/course/혼자공부-r-데이터분석,혼자 공부하는 R 데이터 분석,Junhee Kang,무료,100,이 강의는 '혼자 공부하는 R 데이터분석' 책을 기반으로 진행되는 데이터 분석 강의입니다.,"
입문
","
 R, 데이터 분석, 빅데이터
"
https://www.inflearn.com/course/파이썬-데이터-분석-마케터,"일잘하는 마케터, MD에게 꼭 필요한 파이썬 데이터 분석",longvacation,"₩44,000₩33,000",0,"마케팅, MD 부서는 주로 돈을 쓰는 부서이기에 돈을 어떻게 쓸지 '잘' 소명하는 것이 중요합니다. 
불필요한 내용은 걷어내고, 실무에 꼭 필요한 기능만 넣었습니다. 
데이터에 기반하여 완벽한 기획안을 낼 수 있도록 도움드리겠습니다.","
입문
","
 Python, 데이터 분석, 웹 크롤링
"
https://www.inflearn.com/course/비전공자-빅분기-실기작업,한 방에 끝! 빅데이터분석기사 실기 작업형,DQ K,"₩55,000",0,"이 강의는 빅데이터 분석기사 실기를 준비하는 코.알.못들을 위해 제작되었습니다. 최대한 압축적으로 학습해 시험에 합격할 수 있게 도와드릴 뿐만 아니라, 진로 등을 고민하는 사람에게 가볍게 코딩 및 머신러닝 등에 대해 접해볼 수 있는 기회를 제공해드립니다.","
입문
","
 빅데이터, 데이터 분석
"
https://www.inflearn.com/course/데이터-리터러시-읽고쓰기,데이터 리터러시 - 데이터 읽고 쓰기의 기술,마소캠퍼스,"₩79,200",100,데이터를 읽으니 돈이 되었다! 쓰레기통에 버려지는 결제 영수증조차 매출로 이어질 수 있습니다. 일상에 가득 찬 데이터를 성과로 바꾸고 싶다면 데이터 문해력을 키워보세요.,"
입문
","
 데이터 분석, Excel, 디지털 리터러시
"
https://www.inflearn.com/course/r-알려줘-기초다지기,[R을 R려줘] R 기초다지기,김승욱,"₩22,000",98,"데이터 분석 강의 1년에 1000시간 이상 하는 전문 강사의 친절한 R 클래스!
기존의 강의를 리뉴얼 하여 최신 트렌드 까지 같이 알려드립니다.","
입문
","
 R, 데이터 시각화, 데이터 분석
"
https://www.inflearn.com/course/sql-예제-기초,[소프데이터] 예제로 배우는 기초 SQL,소프데이터,"₩14,300",100,마케팅/기획/CRM에서 자주 추출하는 지표들을 SQL을 이용해 직접 뽑아봅니다.,"
입문
","
 SQL, 데이터베이스
"
https://www.inflearn.com/course/sql-기초-제주코딩베이스캠프,생애 첫 SQL With 제코베,제주코딩베이스캠프,무료,95,"왕 기초🐥, 더이상 날 설명할 단어가 없다 하시는 분들만 들어주세요.👂 개념은 우주로🚀, 왕기초 실습만 주야장천✍, 손으로 익히는 SQL!✋ 설치 없이 합니다.🔥 여깁니다 강의 맛집 제코베!🎉","
입문
","
 SQL
"
https://www.inflearn.com/course/파이썬-엑셀-프로그래밍,Python 엑셀 프로그래밍 - with xlsxwriter,제주코딩베이스캠프,"₩55,000",88,xlsxwriter 튜토리얼로 배우는 Python 엑셀 프로그래밍의 기초 강좌입니다. Python과 엑셀을 사용하여 데이터를 분석하고 업무를 자동화 할 수 있습니다.,"
입문
","
 Python, 데이터 분석, 업무자동화
"
https://www.inflearn.com/course/제주코딩-웹개발-30분요약-시즌2,30분 요약 강좌 시즌2 : Python 활용편,제주코딩베이스캠프,무료,99,"Python, Numpy, Pandas, Plotly, Django, 크롤링의 기초 개념부터 간단한 데이터 분석까지 코딩을 처음 접하는 입문자와 더불어 Python을 다양하게 활용해보고 싶은 분들도 들을 수 있는 강의입니다.","
입문
","
 Python, 데이터 분석
"
https://www.inflearn.com/course/최반장-엑셀-피벗테이블-데이터분석,최반장의 엑셀 피벗테이블 마스터 클래스,최반장,"₩55,000",95,누구나 일상과 실무에서 쉽고 빠르게 데이터를 분석하고 다이내믹한 자동화된 보고서를 만들 수 있는 엑셀 피벗 테이블을 학습하는 과정입니다. 피벗 테이블은 쉽고 강력합니다. 이 강의를 통해서 데이터 분석을 통한 문제 해결 프로세스를 시작할 수 있습니다.,"
입문
","
 Excel, MS-Office, 데이터 분석
"
https://www.inflearn.com/course/페이스북-풀스택-클론-웹개발,페이스북 클론 - full stack 웹 개발,제주코딩베이스캠프,"₩165,000",84,"페이스북을 직접 만들어 보며 Django, 데이터 분석, 풀스택 웹 개발까지 경험해 볼 수 있는 강의입니다.","
입문
","
 HTML/CSS, JavaScript, Python
"
https://www.inflearn.com/course/백문이불여일타-데이터-분석-기초-sql,[백문이불여일타] 데이터 분석을 위한 기초 SQL,데이터리안,"₩16,500",97,"인프런 누적 수강생 9000명 이상, 풍부한 온/오프라인 강의 경험을 가진 데이터리안의 SQL 기초 강의. 
SQL 기초 이론을 배우고, 해커랭크 문제 10개를 함께 풀어봅니다.","
입문
","
 SQL, 데이터 분석
"
https://www.inflearn.com/course/처음시작-r-데이터분석,처음 시작하는 R 데이터 분석,Junhee Kang,무료,100,"쉽고 재밌게, 실무 예제로 끝낸다! 도서 『처음 시작하는 R 데이터 분석』 (한빛미디어) 의 내용을 기초로 한 7일에 완성하는 R 데이터 분석 로드맵 강의입니다.","
입문
","
 R, 데이터 분석, ggplot2
"
https://www.inflearn.com/course/파이썬-크롤링-기초,이것이 진짜 크롤링이다 - 기본편,스타트코딩,무료,98,"크롤링을 처음 배우는 분들을 위해 ① 가장 쉽고 ② 가장 친절하게 설명해 드립니다.
크롤링은 정말로 재미있습니다. 제가 책임지겠습니다. 믿고 따라와 보세요.","
입문
","
 Python, 웹 크롤링
"
https://www.inflearn.com/course/실무자-데이터-시각화,실무자를 위한 데이터 시각화,MCA 연구센터,"₩22,000",0,데이터를 다루는 방법은 무엇이 더 아름다운지를 느끼는 감각보다 우리의 시각적 지각을 통해 더 잘 접근합니다. 그래서 데이터 시각화의 지각적 특성을 파악하는 것이 인간의 선호도를 통해 알아차리는 것보다 유리합니다.  따라서 이 강의를 통해 실무에 적합한 데이터 분석과 그래픽 커뮤니케이션을 구축하고자 합니다.,"
입문
","
 데이터 시각화, R
"
https://www.inflearn.com/course/오렌지3-기초,"코딩이 필요 없는 데이터분석, 머신러닝 - 오렌지3(Orange3) 기초",엘리쌤,무료,96,"코딩을 몰라도 할 수 있는 데이터분석, 머신러닝. 
초등학생부터 일반인까지 처음부터 하나씩 차근차근 배울 수 있습니다.","
입문
","
 데이터 분석, Orange3
"
https://www.inflearn.com/course/python-crawling-basic,파이썬입문과 크롤링기초 부트캠프 (2022 업데이트) [쉽게! 견고한 자료까지!],잔재미코딩,"₩71,500₩66,000",98,"데이터 과학, 빅데이터, 크롤링을 익히고자 하시는 분들을 위해, 
(1) 짧은 시간안에 가장 필요한 파이썬 핵심 문법을 정리하고, (2) 실전 크롤링 프로그래밍을 통해 파이썬과 크롤링에 익숙해집니다.","
입문
","
 Python, 데이터 분석, 웹 크롤링
"
https://www.inflearn.com/course/핵집-빅분기-필기12,[핵집] 빅데이터 분석기사(필기)_과목 1~2,소확성,"₩89,100",0,오롯이 전문 영역을 파고든 유일한 강의! 철저한 출제 경향 분석으로 합격을 위한 가장 빠른 길을 과목별 현업 전문가가 알려드립니다!,"
입문
","
 빅데이터, 데이터 분석
"
https://www.inflearn.com/course/핵심-파이썬,실전 데이터 사이언스 Part1. 파이썬 입문,김화종,"₩66,000",96,"자신의 업무에 데이터분석, 머신러닝, AI 등을 도입해야 하나 파이썬 프로그래밍에 익숙하지 않은 분을 위한 강의입니다. 데이터 사이언티스트가 되기 위해 필요한 파이썬의 핵심 기능을 단시간에 체계적으로 배우게 됩니다.","
입문
","
 Python, Numpy, Pandas
"
https://www.inflearn.com/course/sql-구글시트-데이터분석,SQL과 구글시트로 시작하는 데이터분석,박범진,"₩19,800",0,서비스 회사의 분석가로 활동하면서 얻은 꼭 필요한 SQL의 SELECT문과 구글시트의 기초 사용법을 정리하였습니다.,"
입문
","
 데이터 분석, SQL, Google Sheets
"
https://www.inflearn.com/course/초보자-r프로그래밍-핵심,초보자를 위한 R프로그래밍 핵심 교재,코코,"₩17,600",0,"R의 기초 문법과 자주 쓰는 함수, 그리고 유용하게 쓰이는 중~고급 테크닉을 담은 PDF 교재입니다.","
입문
","
 R, 웹 크롤링
"
https://www.inflearn.com/course/데이터-사이언스-입문캠프,데이터 사이언스 입문 부트캠프,마소캠퍼스,"₩129,800",100,"코딩을 몰라도 엑셀이면 충분하다! 
비전공자도 엑셀로 데이터 분석을 할 수 있으며, 통계부터 머신러닝, 그리고 파워쿼리까지 다루는 강의입니다.","
입문
","
 데이터 분석, 데이터 시각화, Excel
"
https://www.inflearn.com/course/mito-파이썬-데이터분석,[Mito] Mito로 시작하는 파이썬 데이터 분석,대구빅데이터활용센터,무료,100,"엑셀과 같은 환경에서 분석하고, 파이썬 코드를 자동으로 만들어 보아요.
Pandas, Seaborn과 비교하여 데이터 분석에 이해도를 높혀주는 강의입니다.","
입문
","
 Mito, Pandas, Seaborn
"
https://www.inflearn.com/course/이부일-r릴레오-시즌2-기초,이부일의 R릴레오 시즌2 (기초편),이부일,무료,98,"R을 이용해 데이터를 처리하는 방법을 배우실 수 있습니다. 
프로그래밍 초보자도 따라 하실 수 있습니다.","
입문
","
 R, 데이터 분석
"
https://www.inflearn.com/course/데이터-사이언스-유밥,"[All that MBA] 데이터 사이언스, 어떻게 인사이트를 얻을 것인가?",유밥(Ubob),"₩99,000",0,"빅데이터 시대, 데이터 사이언스가 과학적인 비즈니스 의사결정을 위한 솔루션으로 각광받고 있다. 본 과정을 통해 다양한 데이터 분석법과 활용방안에 대해 학습하고 이를 현업에 적용할 수 있을 것이다.","
입문
","
 데이터 분석, 데이터 과학, 빅데이터
"
https://www.inflearn.com/course/마케터를-위한-sql,마케터를 위한 SQL,최광성,"₩33,000",80,"마케터들이 SQL문을 쉽게 배울 수 있게 구성한 SQL 강의입니다.
꼭 필요한 SQL 문법을 소개하고 캐글에서 얻은 실제 데이터를 분석해봅니다.","
입문
","
 SQL, 데이터 분석
"
https://www.inflearn.com/course/r로-배우는-통계-1,R로 배우는 통계,Issac Lee,무료,97,"대학교 통계를 힘들어하는 그대에게, 같은 자리에 있던 선배가 전해주는 노하우 전수. 
R 프로그래밍을 이용한 기초 통계 정복하기.","
입문
","
 통계, R
"
https://www.inflearn.com/course/R-프로그래밍-기초,R프로그래밍 기초 다지기,코코,무료,92,R프로그래밍에 대해 전혀 모르시는 분을 대상으로 하는 R프로그래밍 기초를 다지는 수업입니다.,"
입문
","
 R, 데이터 분석
"
https://www.inflearn.com/course/process-mining,모두를 위한 프로세스 마이닝,이보경,무료,94,본 강좌는 프로세스 마이닝을 처음 접하거나 익숙하지 않은 분들을 위한 강의입니다. 본 강좌를 수강한 분들은 실무 분석에 요구되는 프로세스 마이닝 이론과 다양한 분석 기법및 노하우를 학습할 수 있습니다.,"
입문
","
 Process Mining
"
https://www.inflearn.com/course/스파크-머신러닝-가이드1,스파크 머신러닝 완벽 가이드 - Part 1,권 철민,"₩99,000",100,"스파크(Spark) 머신러닝의 핵심 Framework에 대한 이해,  난이도 높은 실전 문제를 통한 SQL 기반의 데이터 가공,  업무 도메인 분석을 통한 데이터 분석과 최적화된 머신러닝 모델 구현 능력까지, 대용량 데이터 기반에서 머신러닝 전문가로 인정 받고 싶다면 이 강의와 함께 하십시요.","
중급이상
","
 Apache Spark, 머신러닝, 데이터 분석
"
https://www.inflearn.com/course/캐글-머신러닝-실전,캐글 Advanced 머신러닝 실전 박치기,권 철민,"₩66,000",98,"본 강의는 Kaggle의 Home Credit Default Risk 경연대회 머신 러닝 모델을 구현을 통해, 여러분을 실전적인 머신 러닝 구축 전문가로 한단계 실력을 업그레이드 할 수 있도록 만들어진 강의 입니다.","
중급이상
","
 머신러닝, 인공지능, Kaggle
"
https://www.inflearn.com/course/파이썬-판다스-퀀트-투자2,파이썬(Python)으로 데이터 기반 주식 퀀트 투자하기 Part2,DeepingSauce,"₩99,000",98,"본 강의는 '파이썬(Python)으로 데이터 기반 주식 퀀트 투자하기 Part1'의 후속 강의로서, part1 강좌가 introduction 느낌에 가까웠다면, part2는 실전 전략 구현과 퀀트 투자 개발의 전체 flow 경험이 중심이 되는 심화 강의입니다. 본 수업에서는 시계열 데이터를 다루는 advanced한 판다스(Pandas) 테크닉과, 이를 기반으로 하여 signal based 전략 및 다양한 주기별로 자산의 비중을 조절해야 하는 정적/동적 자산배분 전략을 구현하는 방법에 대해 중점적으로 다룹니다. 나아가 전략 구현에만 그치지 않고, 다양한 투자 전략을 최소한의 코드 수정으로 직접 검증하고 백테스팅하는 '코드의 framework화'와, 이를 확장하여 실전 투자까지 이어지도록 개선하는 법, 그리고 이 과정에서 주의해야 할 사항들에 대해 알아봅니다. 또한 프로그래밍적인 component와 더불어, 2가지 형태의 수익률 개념(simple return, log return)과 백테스팅 관련 평가지표 등의 이론적 내용에 대해서도 수학적으로 깊게 다루어 시중의 투자 서적이나 블로그, youtube 등 에서는 볼 수 없었던 최고의 파이썬(Python) 퀀트 투자 flow를 경험할 수 있습니다.","
중급이상
","
 Pandas, 투자, 데이터 분석
"
https://www.inflearn.com/course/데이터-분석-sql-실전,[백문이불여일타] 데이터 분석을 위한 SQL 실전편 (무료 미니 코스),데이터리안,무료,93,SQL은 실무에서 어떻게 활용되고 있을까요? Microsoft의 Yammer 서비스의 실제 데이터를 이용하여 문제를 해결하는 데이터 분석가가 되어봅시다.,"
중급이상
","
 SQL, 데이터 분석
"
https://www.inflearn.com/course/태블로-자동화-프로세스,"Data, Ready? Action!: 태블로 데스크탑 + 서버/온라인 연계 활용 Use Case",VizLab,"₩33,000",100,"태블로 데스크탑과 서버/온라인을 결합했을 때 만들어 낼 수 있는 시너지 효과에 대한 하나의 사례를 보여드립니다. 데이터가 어떻게 구체적인 행동으로까지 이어질 수 있는지, 그 파이프라인을 함께 만들어보아요!","
중급이상
","
 Tableau, 데이터 시각화, 업무자동화
"
https://www.inflearn.com/course/스파크-머신러닝-가이드1,스파크 머신러닝 완벽 가이드 - Part 1,권 철민,"₩99,000",100,"스파크(Spark) 머신러닝의 핵심 Framework에 대한 이해,  난이도 높은 실전 문제를 통한 SQL 기반의 데이터 가공,  업무 도메인 분석을 통한 데이터 분석과 최적화된 머신러닝 모델 구현 능력까지, 대용량 데이터 기반에서 머신러닝 전문가로 인정 받고 싶다면 이 강의와 함께 하십시요.","
중급이상
","
 Apache Spark, 머신러닝, 데이터 분석
"
https://www.inflearn.com/course/캐글-머신러닝-실전,캐글 Advanced 머신러닝 실전 박치기,권 철민,"₩66,000",98,"본 강의는 Kaggle의 Home Credit Default Risk 경연대회 머신 러닝 모델을 구현을 통해, 여러분을 실전적인 머신 러닝 구축 전문가로 한단계 실력을 업그레이드 할 수 있도록 만들어진 강의 입니다.","
중급이상
","
 머신러닝, 인공지능, Kaggle
"
https://www.inflearn.com/course/파이썬-판다스-퀀트-투자2,파이썬(Python)으로 데이터 기반 주식 퀀트 투자하기 Part2,DeepingSauce,"₩99,000",98,"본 강의는 '파이썬(Python)으로 데이터 기반 주식 퀀트 투자하기 Part1'의 후속 강의로서, part1 강좌가 introduction 느낌에 가까웠다면, part2는 실전 전략 구현과 퀀트 투자 개발의 전체 flow 경험이 중심이 되는 심화 강의입니다. 본 수업에서는 시계열 데이터를 다루는 advanced한 판다스(Pandas) 테크닉과, 이를 기반으로 하여 signal based 전략 및 다양한 주기별로 자산의 비중을 조절해야 하는 정적/동적 자산배분 전략을 구현하는 방법에 대해 중점적으로 다룹니다. 나아가 전략 구현에만 그치지 않고, 다양한 투자 전략을 최소한의 코드 수정으로 직접 검증하고 백테스팅하는 '코드의 framework화'와, 이를 확장하여 실전 투자까지 이어지도록 개선하는 법, 그리고 이 과정에서 주의해야 할 사항들에 대해 알아봅니다. 또한 프로그래밍적인 component와 더불어, 2가지 형태의 수익률 개념(simple return, log return)과 백테스팅 관련 평가지표 등의 이론적 내용에 대해서도 수학적으로 깊게 다루어 시중의 투자 서적이나 블로그, youtube 등 에서는 볼 수 없었던 최고의 파이썬(Python) 퀀트 투자 flow를 경험할 수 있습니다.","
중급이상
","
 Pandas, 투자, 데이터 분석
"
https://www.inflearn.com/course/데이터-분석-sql-실전,[백문이불여일타] 데이터 분석을 위한 SQL 실전편 (무료 미니 코스),데이터리안,무료,93,SQL은 실무에서 어떻게 활용되고 있을까요? Microsoft의 Yammer 서비스의 실제 데이터를 이용하여 문제를 해결하는 데이터 분석가가 되어봅시다.,"
중급이상
","
 SQL, 데이터 분석
"
https://www.inflearn.com/course/태블로-자동화-프로세스,"Data, Ready? Action!: 태블로 데스크탑 + 서버/온라인 연계 활용 Use Case",VizLab,"₩33,000",100,"태블로 데스크탑과 서버/온라인을 결합했을 때 만들어 낼 수 있는 시너지 효과에 대한 하나의 사례를 보여드립니다. 데이터가 어떻게 구체적인 행동으로까지 이어질 수 있는지, 그 파이프라인을 함께 만들어보아요!","
중급이상
","
 Tableau, 데이터 시각화, 업무자동화
"
https://www.inflearn.com/course/nlp-imdb-파이썬-자연어-처리,[NLP] IMDB 영화리뷰 감정 분석을 통한 파이썬 텍스트 분석과 자연어 처리,박조은,"₩22,000",92,캐글에 있는 IMDB 영화리뷰 감정 분석 경진대회를 통해 자연어 처리에 필요한 기초 이론과 실습을 해보는 강의입니다.,"
중급이상
","
 Python, 데이터 과학, NLP
"
https://www.inflearn.com/course/sql-쿼리능력,"SQL Server 컨설턴트가 알려주는, 쿼리 능력 레벨업(고급 T-SQL 쿼리)",김정선SQL,"₩165,000",100,"SQL Server 전문 컨설턴트이자 Microsoft MVP로부터 실무에서 가장 많이 그리고 중요하게 사용되는 고급 T-SQL 쿼리 사용법을 배우는 과정입니다, SQL을 보다 SQL답게 작성할 수 있습니다.","
중급이상
","
 SQL, 데이터 분석, 데이터베이스
"
https://www.inflearn.com/course/sql-고급-문제풀이,[백문이불여일타] 데이터 분석을 위한 고급 SQL 문제풀이,데이터리안,"₩19,800",99,"인프런 누적 수강생 9000명 이상, 풍부한 온/오프라인 강의 경험을 가진 데이터리안의 SQL 고급 문제풀이 강의. 
SQL 고급 내용을 연습해 볼 수 있는 여러 문제를 함께 풀어봅니다.","
중급이상
","
 SQL, 데이터 분석
"
https://www.inflearn.com/course/현업-직장인-실무-엑셀-데이터가공분석,진짜 현업에서 쓰이는 직장인의 실무 엑셀 - 데이터 가공부터 분석까지,배영자,"₩84,700",97,"현재 엑셀의 가장 트렌디한 방법으로 데이터를 효율적, 과학적으로 가공, 분석함에 '표준'이 되는 과정입니다.","
중급이상
","
 Excel, MS-Office, 데이터 분석
"
https://www.inflearn.com/course/텍스트마이닝-데이터-분석-뉴스,텍스트마이닝 실전 프로젝트 - 뉴스 데이터 분석하기,코코,"₩33,000",65,"프로그래밍 기초적인 지식도 배웠고 크롤링도 배웠고 텍스트 마이닝 강의도 들었는데, 실제로 프로젝트 하면 막막하셨나요? 저와 함께 프로젝트를 처음부터 끝까지 진행해 보는 강의입니다.","
중급이상
","
 R, 빅데이터, 데이터 분석
"
https://www.inflearn.com/course/태블로-세미나,태블로를 활용한 고객 획득 및 유지 패턴 분석,VizLab,"₩16,500",93,"이 강의는 태블로에서 고객의 획득 및 유지 현황을 모니터링하는 대시보드를 제작하고, 완성된 대시보드로부터 인사이트를 도출해보는 실전적인 연습입니다","
중급이상
","
 데이터 분석, 데이터 시각화, Tableau
"
https://www.inflearn.com/course/데이터-분석-고급-sql,[백문이불여일타] 데이터 분석을 위한 고급 SQL,데이터리안,"₩55,000",96,"인프런 누적 수강생 9000명 이상, 풍부한 온/오프라인 강의 경험을 가진 데이터리안의 SQL 고급 강의. 
SQL 고급 이론을 배우고, 실습 문제를 함께 풀어봅니다.","
중급이상
","
 SQL, 데이터 분석
"
https://www.inflearn.com/course/태블로-집합,태블로 집합의 모든 것,VizLab,"₩16,500",100,태블로에서 활용할 수 있는 집합 기능과 관련된 모든 주제를 한 번에 정리합니다,"
중급이상
","
 Tableau, 데이터 분석, 데이터 시각화
"
https://www.inflearn.com/course/엑셀-파워피벗-dax,쉽고 빠르게 익히는 Excel 파워 피벗 & DAX,오피스튜터,"₩55,000",98,"엑셀 파워 피벗을 활용한 고급 분석에 필수적인 DAX의 원리와 활용방법을 학습하고, 주요 DAX 함수들을 학습합니다.","
중급이상
","
 Excel, MS-Office, 데이터 분석
"
https://www.inflearn.com/course/엑셀-파워피벗-데이터모델링,쉽고 빠르게 익히는 Excel 파워 피벗 & 데이터 모델링,오피스튜터,"₩55,000",97,대용량 데이터를 고성능 환경에서 분석하기 위해 엑셀 파워 피벗을 학습합니다. 엑셀 파워 피벗은 다양한 데이터 원본을 연결해서 데이터 모델을 구축하고 또 DAX를 활용한 고급 분석을 수행할 수 있는 엑셀의 강력한 고급 데이터 분석 도구입니다.,"
중급이상
","
 Excel, 데이터 분석, Excel Power Pivot
"
https://www.inflearn.com/course/엑셀-매크로-vba-기초-실무활용,엑셀 매크로와 VBA 기초부터 실무활용까지 완전 정복,김경자,"₩55,000",95,"복잡한 업무 단숨에 자동화! 엑셀 매크로와 VBA 기본부터 실무까지 완벽하게!
","
중급이상
","
 업무 생산성, Excel, 업무자동화
"
https://www.inflearn.com/course/R-데이터사이언스-라이브코딩,R로 무작정 해보는 data science,코코,"₩71,500",65,R을 통해 무작정 datascience를 해보는 강의 입니다. 데이터를 불러오는 것부터 모델 구축 및 모델 성능 전략까지 한줄한줄 쳐보면서 배웁니다.,"
중급이상
","
 R, 데이터 분석, 데이터 과학
"
https://www.inflearn.com/course/태블로-중급,태블로 레벨UP,VizLab,무료,96,"최근 가장 핫한 데이터 분석 도구, 태블로의 고급 기능을 마스터합니다","
중급이상
","
 데이터 분석, 데이터 시각화, Tableau
"
https://www.inflearn.com/course/파이썬-머신러닝-마소캠,파이썬 머신러닝,마소캠퍼스,"₩69,300",100,"복잡한 분석과 예측을 효율적으로 진행하는 머신러닝에 대해 이해하고 실습하는 과정!
어렵고 복잡할 것만 같았던 머신러닝도 마소캠퍼스의 <파이썬 머신러닝>과 함께라면 쉽고 재미있게 핵심을 깨우치실 수 있습니다.","
중급이상
","
 머신러닝, 데이터 분석, Pandas
"
https://www.inflearn.com/course/spotfire-고급-3,TIBCO Spotfire 사용자교육 고급편 3: 함수 & 속성 제어,피앤디솔루션,"₩82,500",97,"시각화 솔루션 TIBCO Spotfire - 사용자교육 고급편은 기초편에서 간단하게 다루었던 기능들의 다양한 활용방법, 계산된 칼럼에 활용할 수 있는 Spotfire 함수, Spotfire에서 제공하는 통계분석 기능 등을 학습하는 과정입니다. 
그 중 세 번째 파트에서는 필요에 따라 Spotfire에서 활용되는 함수(Custom Expression)에 대해 알아보고, 속성 제어 삽입(Insert Property Control)와 같이 텍스트 영역(Text Area)을 편집하는 방법을 학습합니다.","
중급이상
","
 데이터 시각화, Spotfire
"
https://www.inflearn.com/course/R-프로그래밍-중급,R프로그래밍 중급,코코,"₩27,500",100,R프로그래밍을 위한 자주 사용하는 함수와 코드를 효율적으로 작성하는법과 중급 기법에대해 다룹니다.,"
중급이상
","
 R, 데이터 분석, 데이터 시각화
"
https://www.inflearn.com/course/엑셀-파워쿼리-오피스튜터,쉽고 빠르게 익히는 Excel 파워 쿼리,오피스튜터,"₩55,000",96,"엑셀의 추가 기능인 파워 쿼리를 활용하여 다량의 데이터를 더 빠르고 효과적으로 분석하고, 반복되는 데이터 작업을 자동화하는 방법에 대해 학습합니다","
중급이상
","
 Excel, MS-Office, 업무자동화
"
https://www.inflearn.com/course/파이썬-머신러닝-프로젝트,[텐서플로2] 파이썬 머신러닝 완전정복 - 마라톤 기록예측 프로젝트,노마드크리에이터,"₩33,000",85,보스톤 마라톤 빅 데이터를 기반으로 파이썬과 텐서플로2를 이용하여 다양하고 유용한 머신러닝 회귀(Regression)와 분류(Classification) 프로젝트를 이론과 함께 배우는 머신러닝 종합 프로젝트 과정입니다.,"
중급이상
","
 Tensorflow, 머신러닝, 데이터 분석
"
https://www.inflearn.com/course/공공데이터로-파이썬-데이터-분석-시작하기,공공데이터로 파이썬 데이터 분석 시작하기,박조은,"₩66,000",98,"이디야는 스타벅스 근처에 입점한다는 설이 있었습니다. 과연 이디야와 스타벅스의 매장입지는 얼마나 차이가 날까요? 
2013년부터 2019년까지 부동산 가격 변동 추세가 아파트 분양가에도 반영될까요? 
우리 동네에는 어떤 공원이 있을까요? 공공데이터 포털에 있는 데이터를 어떻게 활용하면 좋을까요? 공공데이터를 통해 여러 형태의 데이터를 다뤄보며 Python과 여러 데이터분석 라이브러리에 익숙해 지는 것을 목표로 합니다.","
초급
","
 Python, Pandas, Numpy
"
https://www.inflearn.com/course/금융데이터-판다스-활용,금융데이터 분석을 위한 판다스 활용법,인프런,"₩55,000",100,엑셀 대신 파이썬 판다스(Pandas)로 데이터 분석을 더 쉽고 효과적으로 할 수 있다는 사실! 판다스 라이브러리의 기본적인 기능과 실무 활용 방법을 금융데이터 분석을 통해 학습해 봅니다.,"
초급
","
 Pandas, 데이터 분석, 투자
"
https://www.inflearn.com/course/파이썬-크롤링-실전,이것이 진짜 크롤링이다 - 실전편,스타트코딩,"₩77,000",100,당신의 커리어에 파이썬을 더하세요.,"
초급
","
 Python, 웹 크롤링
"
https://www.inflearn.com/course/처음-파이썬-머신러닝-입문,처음하는 파이썬 머신러닝 부트캠프 (쉽게! 실제 문제로 개념/활용 익히기) [데이터과학 Part2],잔재미코딩,"₩82,500₩77,000",98,"강사가 처음 머신러닝을 익혔을 때, 실패했던 경험을 바탕으로, 쉽게 머신러닝을 이해하고, 실제 문제에 적용할 수 있도록 기존 강의와 다르게, 새롭게 꾸민 강의입니다","
초급
","
 머신러닝, 인공지능, 데이터 분석
"
https://www.inflearn.com/course/데이터분석-sql-펀더멘탈,데이터 분석 SQL Fundamentals,권 철민,"₩55,000",100,"SQL의 핵심 요소에 대한 상세한 강의와 실습을 통해, 여러분이 SQL 분석 전문가로 성장할 수 있도록 흔들리지 않는 뼈대를 만들어 드리겠습니다.","
초급
","
 SQL, 데이터 분석, PostgreSQL
"
https://www.inflearn.com/course/증권데이터-수집-분석,파이썬 증권 데이터 수집과 분석으로 신호와 소음 찾기,박조은,"₩89,100",98,"투자 강의가 아닙니다. 증권 데이터를 통한 데이터 수집, 분석과 시각화를 다룹니다. 다양한 데이터 포맷을 다루며 다양한 텍스트 전처리 기법을 익힙니다. 시계열 데이터의 시각화 기법과 스케일에 대한 표현 방법 주가 데이터를 해석하기 위한 몇 가지 기법을 다룹니다. 이 강의는 데이터 분석을 통해 인사이트를 얻는 방법을 알아가는 강좌입니다. 주가 데이터를 통해 배운 내용을 시계열이 활용되는 수요량, 재고량, 판매량, 트래픽량 등의 데이터를 수집, 분석, 시각화에 활용해 볼 수 있도록 구성 되어있습니다.","
초급
","
 데이터 분석, Python, Plotly
"
https://www.inflearn.com/course/판다스-pandas,단 두 장의 문서로 데이터 분석과 시각화 뽀개기,박조은,"₩45,100",97,"Pandas로 데이터 분석, 전처리, 머신러닝, 딥러닝에 활용하다 보면 늘 사용하는 기능 위주로 사용하게 됩니다.
이런 핵심적인 내용만을 모아 정리해 놓은 Pandas Cheat Sheet가 있습니다.
두꺼운 책으로 Pandas를 배우다 지치신 분들께 단 두 장의 문서로 Python Pandas를 알려드립니다.
Pandas 공식 튜토리얼에서 제공하는 cheat sheet로 Pandas의 핵심 기능을 익혀봅니다.","
초급
","
 Python, Pandas, 데이터 분석
"
https://www.inflearn.com/course/파이썬-개인화-추천시스템,Python을 이용한 개인화 추천시스템,거친코딩,"₩44,000",95,다양한 추천 알고리즘 동작 원리를 이해함으로써 여러분만의 개인화 추천 알고리즘을 만들어보세요!,"
초급
","
 추천 시스템, 딥러닝, 알고리즘
"
https://www.inflearn.com/course/그로스해킹-데이터-실험-성장-서비스,그로스해킹 - 데이터와 실험을 통해 성장하는 서비스를 만드는 방법,양승화,"₩55,000",98,"데이터를 기반으로 정의한 핵심지표를 바탕으로, 실험을 통해 배움을 얻고, 이를 빠르게 반복하면서 서비스를 성장시키는 것.  
그로스해킹의 기본을 다루는 101 강의입니다.","
초급
","
 그로스해킹, 데이터 분석, 퍼포먼스 마케팅
"
https://www.inflearn.com/course/파이썬-트레이딩룸-파트1,퀀트 투자를 위한 파이썬 트레이딩룸 만들기 - Part 1,인프런,"₩77,000",0,"파이썬을 활용해 자신만의 지표를 만들고, 편리하게 증권을 분석할 수 있는 도구를 만들어보세요!","
초급
","
 데이터 분석, 차트분석, Python
"
https://www.inflearn.com/course/빅분기-실기-원데이클래스,빅분기 실기 1Day Class(R),김승욱,"₩55,000",100,한방에 빅데이터 분석기사 필기부터 실기까지 통과한 현직 대기업 전문 데이터분석 강사가 핵심만 요약하여 속성으로 준비할 수 있게 도와드립니다.,"
초급
","
 빅데이터, 데이터 분석
"
https://www.inflearn.com/course/r-알려줘-데이터시각화,[R을 R려줘] R 데이터 시각화,김승욱,"₩29,700",100,"R 기반 데이터 시각화📊를 가장 쉽게 설명한 강의. (거의) 다 알려드림😎.
마지막에는 COVID-19 💉백신 접종 데이터를 지도🗺️에 뿌려봅니다!","
초급
","
 R, 데이터 시각화, ggplot2
"
https://www.inflearn.com/course/공공데이터로-파이썬-데이터-분석-시작하기,공공데이터로 파이썬 데이터 분석 시작하기,박조은,"₩66,000",98,"이디야는 스타벅스 근처에 입점한다는 설이 있었습니다. 과연 이디야와 스타벅스의 매장입지는 얼마나 차이가 날까요? 
2013년부터 2019년까지 부동산 가격 변동 추세가 아파트 분양가에도 반영될까요? 
우리 동네에는 어떤 공원이 있을까요? 공공데이터 포털에 있는 데이터를 어떻게 활용하면 좋을까요? 공공데이터를 통해 여러 형태의 데이터를 다뤄보며 Python과 여러 데이터분석 라이브러리에 익숙해 지는 것을 목표로 합니다.","
초급
","
 Python, Pandas, Numpy
"
https://www.inflearn.com/course/금융데이터-판다스-활용,금융데이터 분석을 위한 판다스 활용법,인프런,"₩55,000",100,엑셀 대신 파이썬 판다스(Pandas)로 데이터 분석을 더 쉽고 효과적으로 할 수 있다는 사실! 판다스 라이브러리의 기본적인 기능과 실무 활용 방법을 금융데이터 분석을 통해 학습해 봅니다.,"
초급
","
 Pandas, 데이터 분석, 투자
"
https://www.inflearn.com/course/파이썬-크롤링-실전,이것이 진짜 크롤링이다 - 실전편,스타트코딩,"₩77,000",100,당신의 커리어에 파이썬을 더하세요.,"
초급
","
 Python, 웹 크롤링
"
https://www.inflearn.com/course/처음-파이썬-머신러닝-입문,처음하는 파이썬 머신러닝 부트캠프 (쉽게! 실제 문제로 개념/활용 익히기) [데이터과학 Part2],잔재미코딩,"₩82,500₩77,000",98,"강사가 처음 머신러닝을 익혔을 때, 실패했던 경험을 바탕으로, 쉽게 머신러닝을 이해하고, 실제 문제에 적용할 수 있도록 기존 강의와 다르게, 새롭게 꾸민 강의입니다","
초급
","
 머신러닝, 인공지능, 데이터 분석
"
https://www.inflearn.com/course/데이터분석-sql-펀더멘탈,데이터 분석 SQL Fundamentals,권 철민,"₩55,000",100,"SQL의 핵심 요소에 대한 상세한 강의와 실습을 통해, 여러분이 SQL 분석 전문가로 성장할 수 있도록 흔들리지 않는 뼈대를 만들어 드리겠습니다.","
초급
","
 SQL, 데이터 분석, PostgreSQL
"
https://www.inflearn.com/course/증권데이터-수집-분석,파이썬 증권 데이터 수집과 분석으로 신호와 소음 찾기,박조은,"₩89,100",98,"투자 강의가 아닙니다. 증권 데이터를 통한 데이터 수집, 분석과 시각화를 다룹니다. 다양한 데이터 포맷을 다루며 다양한 텍스트 전처리 기법을 익힙니다. 시계열 데이터의 시각화 기법과 스케일에 대한 표현 방법 주가 데이터를 해석하기 위한 몇 가지 기법을 다룹니다. 이 강의는 데이터 분석을 통해 인사이트를 얻는 방법을 알아가는 강좌입니다. 주가 데이터를 통해 배운 내용을 시계열이 활용되는 수요량, 재고량, 판매량, 트래픽량 등의 데이터를 수집, 분석, 시각화에 활용해 볼 수 있도록 구성 되어있습니다.","
초급
","
 데이터 분석, Python, Plotly
"
https://www.inflearn.com/course/판다스-pandas,단 두 장의 문서로 데이터 분석과 시각화 뽀개기,박조은,"₩45,100",97,"Pandas로 데이터 분석, 전처리, 머신러닝, 딥러닝에 활용하다 보면 늘 사용하는 기능 위주로 사용하게 됩니다.
이런 핵심적인 내용만을 모아 정리해 놓은 Pandas Cheat Sheet가 있습니다.
두꺼운 책으로 Pandas를 배우다 지치신 분들께 단 두 장의 문서로 Python Pandas를 알려드립니다.
Pandas 공식 튜토리얼에서 제공하는 cheat sheet로 Pandas의 핵심 기능을 익혀봅니다.","
초급
","
 Python, Pandas, 데이터 분석
"
https://www.inflearn.com/course/파이썬-개인화-추천시스템,Python을 이용한 개인화 추천시스템,거친코딩,"₩44,000",95,다양한 추천 알고리즘 동작 원리를 이해함으로써 여러분만의 개인화 추천 알고리즘을 만들어보세요!,"
초급
","
 추천 시스템, 딥러닝, 알고리즘
"
https://www.inflearn.com/course/그로스해킹-데이터-실험-성장-서비스,그로스해킹 - 데이터와 실험을 통해 성장하는 서비스를 만드는 방법,양승화,"₩55,000",98,"데이터를 기반으로 정의한 핵심지표를 바탕으로, 실험을 통해 배움을 얻고, 이를 빠르게 반복하면서 서비스를 성장시키는 것.  
그로스해킹의 기본을 다루는 101 강의입니다.","
초급
","
 그로스해킹, 데이터 분석, 퍼포먼스 마케팅
"
https://www.inflearn.com/course/파이썬-트레이딩룸-파트1,퀀트 투자를 위한 파이썬 트레이딩룸 만들기 - Part 1,인프런,"₩77,000",0,"파이썬을 활용해 자신만의 지표를 만들고, 편리하게 증권을 분석할 수 있는 도구를 만들어보세요!","
초급
","
 데이터 분석, 차트분석, Python
"
https://www.inflearn.com/course/빅분기-실기-원데이클래스,빅분기 실기 1Day Class(R),김승욱,"₩55,000",100,한방에 빅데이터 분석기사 필기부터 실기까지 통과한 현직 대기업 전문 데이터분석 강사가 핵심만 요약하여 속성으로 준비할 수 있게 도와드립니다.,"
초급
","
 빅데이터, 데이터 분석
"
https://www.inflearn.com/course/r-알려줘-데이터시각화,[R을 R려줘] R 데이터 시각화,김승욱,"₩29,700",100,"R 기반 데이터 시각화📊를 가장 쉽게 설명한 강의. (거의) 다 알려드림😎.
마지막에는 COVID-19 💉백신 접종 데이터를 지도🗺️에 뿌려봅니다!","
초급
","
 R, 데이터 시각화, ggplot2
"
https://www.inflearn.com/course/sql-중급-문제풀이,[백문이불여일타] 데이터 분석을 위한 중급 SQL 문제풀이,데이터리안,"₩16,500",98,"인프런 누적 수강생 9000명 이상, 풍부한 온/오프라인 강의 경험을 가진 데이터리안의 SQL 중급 문제풀이 강의. 
SQL 중급 이론 내용을 연습해 볼 수 있는 여러 문제를 함께 풀어봅니다.","
초급
","
 SQL, 데이터 분석
"
https://www.inflearn.com/course/tableau-dashboard-basic,태블로 대시보드 기초,VizLab,"₩16,500",95,태블로 대시보드와 관련해서 가장 많이 받는 질문 두 가지 - 대시보드 콘텐츠 구성과 기술적 요소 - 에 대한 명쾌한 설명을 제시합니다,"
초급
","
 데이터 분석, 데이터 시각화, Tableau
"
https://www.inflearn.com/course/빅데이터-파일럿-프로젝트,15일간의 빅데이터 파일럿 프로젝트,Big.D,"₩132,000",97,"""빅데이터+AI 풀스택 개발"" - AI에 생명력을 불어 넣는 빅데이터 구축 과정을 파일럿 프로젝트 형식으로 진행합니다.
요구사항을 파악해 단계별로 플랫폼을 구성하고, 스마트카 데이터 탐색과 분석을 수행 합니다.","
초급
","
 빅데이터, 인공지능, 데이터 처리
"
https://www.inflearn.com/course/판다스-공식-문서,데이터 분석을 위한 판다스: 기초부터 블로그 GA 데이터 분석까지,데이터리안,"₩77,000",100,"인프런 누적 수강생 9000명 이상, 풍부한 온/오프라인 강의 경험을 가진 데이터리안의 판다스 기초 강의. 공식 문서와 함께 파이썬의 대표 데이터 분석 라이브러리인 판다스를 체계적으로 학습합니다. 이론 학습과 문제풀이를 병행하여 숙련도도 높일 수 있습니다.","
초급
","
 Pandas, 데이터 분석
"
https://www.inflearn.com/course/파이썬-판다스-퀀트-투자,파이썬(Python)으로 데이터 기반 주식 퀀트 투자하기 Part1,DeepingSauce,"₩99,000",98,"본 수업에서는 파이썬(Python)의 판다스(Pandas) 라이브러리를 활용하여 다양한 형태의 금융데이터를 분석하고 처리하는 원리와 방법에 대해 배우고, 이를 실전에서 마주할 수 있는 상황에 적용해보며 최종적으로는 재무제표 데이터에 기반한 백테스팅(backtesting)을 구현하는 법(강환국님 '할 수 있다 퀀트 투자' 책 기반)에 대해서 알아봅니다. 결과적으로 여러분들은 투자 논리에 대한 검증이나 근거 없이, 단순히 남이 좋다는 것만 따라하는 '수동적인 투자자'에서 벗어나, 전략 구현에 필요한 다양한 요소들을 파이썬(Python)과 판다스(Pandas)로 활용하여 데이터로부터 자유자재로 추출하여 정량적으로 분석할 수 있는 '자기 주도적이면서 능동적인 투자자'가 될 수 있습니다.","
초급
","
 Pandas, 투자, 데이터 시각화
"
https://www.inflearn.com/course/파이썬-활용,남박사의 파이썬 기초부터 실전 100% 활용,남박사,"₩66,000",96,프로그래밍을 접해보지 않은 초보 분들이나 파이썬에 대해 어느 정도 이론 지식이 있는 분들 모두를 대상으로 하며 실제 프로젝트를 기반으로 강좌의 주 목적은 파이썬에 대한 관심과 재미를 느끼는 것을 추구 합니다. 이 강좌를 통해 파이썬으로 보다 많은 아이디어와 보다 많은 재미를 얻으시길 바랍니다.,"
초급
","
 Python, 웹 개발, 웹 크롤링
"
https://www.inflearn.com/course/공공데이터-수집-분석-시각화,공공데이터 수집하여 대파 가격 분석과 시각화 하기,Kyeongrok Kim,"₩16,500",0,"공공데이터에서 데이터를 호출하고 분석하고 시각화해볼 수 있습니다. 도매시장에서 거래된 모든 대파의 거래 정보를 공공데이터에서 수집하여 데이터 전처리 및 데이터 분석, 데이터 시각화를 진행하는 방법을 배울 수 있습니다.","
초급
","
 Pandas, Matplotlib, 데이터 분석
"
https://www.inflearn.com/course/파이썬-데이터분석-전처리-판다스-시각화,"처음하는 파이썬 데이터 분석 (쉽게! 전처리, pandas, 시각화까지 전과정 기본 익히기) [데이터과학 Part1]",잔재미코딩,"₩82,500₩77,000",99,"데이터 분석 입문자를 위한 파이썬 데이터 분석 전과정 기본 기술 익히기 강의입니다. 실제 현업에서 데이터 분석 기술을 활용하고 있는 이커머스 기획자 및 개발자로써, 파이썬 데이터 분석 전과정을 쉽게 익히고, 바로 활용할 수 있도록 만들었습니다.","
초급
","
 Python, Pandas, 데이터 분석
"
https://www.inflearn.com/course/제주코딩베이스캠프-파이썬-데이터분석,제주 하간디 이신 데이터들 Python으로 몬딱 분석해불게,제주코딩베이스캠프,"₩55,000",97,"데이터 분석에 대한 기초부터 심화까지!
공부한 내용을 바탕으로 제주도내의 데이터를 이용하여 직접 데이터를 분석해보세요!","
초급
","
 Pandas, Numpy, 데이터 분석
"
https://www.inflearn.com/course/핵집-빅분기-필기34,[핵집] 빅데이터 분석기사(필기)_과목 3~4,소확성,"₩89,100",0,오롯이 전문 영역을 파고든 유일한 강의! 철저한 출제 경향 분석으로 합격을 위한 가장 빠른 길을 과목별 현업 전문가가 알려 드립니다!,"
초급
","
 빅데이터, 데이터 분석
"
https://www.inflearn.com/course/머신러닝-기초탄탄-정복,머신러닝 기초부터 탄탄히 정복하기,코코,"₩85,800",0,"이론과 실전은 다릅니다. 머신러닝의 기본 개념을 파악하고, 꼭 알아야 할 여러 모델들의 핵심 개념과 이론을 소개합니다. 그리고, 다양한 데이터를 다루어 보면서 실전에 도움되는 여러 기법들과 노하우를 공유합니다.","
초급
","
 머신러닝, 인공지능, 데이터 분석
"
https://www.inflearn.com/course/빅분기-시험실기-파이썬,빅데이터 분석기사 시험 실기(Python),대구빅데이터활용센터,무료,100,국가기술자격증 빅데이터분석기사 실기 with Python 강의입니다. 여러분들의 합격을 응원합니다!,"
초급
","
 빅데이터, 데이터 분석, Python
"
https://www.inflearn.com/course/테디노트-한방-판다스,[테디노트] 한 방으로 끝내는 판다스Pandas (전자책 포함),런어데이,"₩49,500",0,"판다스(Pandas)는 파이썬에서 가장 널리 쓰이는 라이브러리 가운데 하나입니다. 데이터 분석을 위한 필수 요소로 자리잡은 판다스, 여러분은 <한 방으로 끝내는 판다스> 강의를 통해 파이썬 데이터 분석의 필수 라이브러리인 판다스에 대한 모든 것을 학습할 수 있습니다.","
초급
","
 Pandas, 데이터 분석, 데이터 시각화
"
https://www.inflearn.com/course/데이터-과학-넘파이-기본,데이터 과학을 위한 파이썬 NumPy Basic,yjglab,무료,98,데이터 과학 분야의 대표적인 라이브러리인 파이썬 NumPy에 대해서 배웁니다. NumPy를 배우고 데이터 과학 학습의 초석을 다져보세요!,"
초급
","
 Numpy, 데이터 과학
"
https://www.inflearn.com/course/파이썬-텍스트분석-입문,파이썬 텍스트 분석 입문 - 데이터 수집부터 분석까지,My Incizor,"₩44,000",93,본 강의는 파이썬에 대한 기초 문법을 배우신 분들을 대상으로 하며 텍스트 데이터 분석에 사용되는 핵심적인 스킬을 배우게 됩니다. 텍스트 분석에 관심이 있으신 분들이 본 강의를 통해 보다 많은 아이디어를 얻고 두고두고 사용하시길 바랍니다.,"
초급
","
 텍스트마이닝, 데이터 시각화, 웹 크롤링
"
https://www.inflearn.com/course/태블로-시간데이터-시각화,태블로를 활용한 시간 데이터 시각화,VizLab,"₩16,500",93,"라인 차트 이외에 날짜 및 시간 데이터를 시각화하는 방법을 모색하고, 라인 차트의 활용성을 높일 수 있는 업그레이드 방안을 공유합니다","
초급
","
 데이터 분석, 데이터 시각화, Tableau
"
https://www.inflearn.com/course/엑셀-데이터-활용-분석,업무가 100배 빨라지는 엑셀 데이터 활용과 분석 노하우,김경자,"₩44,000",98,본 과정은 엑셀의 기능을 설명하는 교육이 아니라 실제 업무 현장에서 사용되는 엑셀 예제를 이용하여 각 상황별로 어떠한 기능을 접목해야 가장 빠르고 효율적으로 업무를 수행할 수 있는지를 학습하는 과정입니다.,"
초급
","
 Excel, MS-Office
"
https://www.inflearn.com/course/실무예제-r-데이터분석,실무 예제로 끝내는 R 데이터 분석(저자직강),정준영,"₩33,000",0,"데이터 분석가를 위해 준비한
""실무 예제 기반 데이터 분석"" 강의입니다.","
초급
","
 R, 데이터 분석
"
https://www.inflearn.com/course/데이터분석-준전문가-자격증,데이터분석 준전문가(ADsP) 자격증 대비,lectopia1,"₩132,000",91,데이터 분석 전문가 양성이 필요한 시점에 본 과정은 국가 공인 '데이터분석 준전문가' 자격증을 취득하기 위한 과정입니다.,"
초급
","
 데이터 분석, ADsP, 빅데이터
"
https://www.inflearn.com/course/파이썬-판다스-데이터분석-가공,파이썬 판다스(pandas)로 데이터 분석 및 가공하기,Kyeongrok Kim,"₩11,000",83,판다스(pandas)를 이용해 실전에서 많이 나오는 데이터 처리 패턴을 배워보고 처리한 데이터를 분석해봅니다.,"
초급
","
 Python, Pandas, 데이터 분석
"
https://www.inflearn.com/course/추천-시스템-입문편,[개념부터 실습까지] 추천 시스템 입문편,데이터리안,"₩49,500",94,"인프런 누적 수강생 9000명 이상, 풍부한 온/오프라인 강의 경험을 가진 데이터리안의 추천 시스템 입문 강의. 
추천 시스템의 기초 이론을 배우고, 영화 데이터 분석을 함께 실습해 봅니다.","
초급
","
 머신러닝, Pandas, 데이터 분석
"
https://www.inflearn.com/course/태블로강좌-1,웰컴 투 태블로 월드,VizLab,무료,97,"최근 가장 핫한 데이터 분석 도구, 태블로의 기초적인 내용을 익힙니다.","
초급
","
 데이터 분석, 데이터 과학, 데이터 시각화
"
https://www.inflearn.com/course/nosql-파이썬-몽고db-잔재미코딩,NoSQL DB (몽고DB/mongodb)  기본부터 파이썬/데이터분석 활용까지!,잔재미코딩,"₩66,000₩60,500",98,"최신 스타트업에서 활용하는 풀스택과 데이터과학 기술의 기본 기술 중 하나인 빅데이터를 다룰 수 있는 NoSQL 기술을 익힙니다. 이 중에서도 몽고DB는 가장 쉬우면서도, 빠르게 활용할 수 있는 기술로, 본 강좌는 짧은 시간안에 몽고DB 기본과 파이썬으로 몽고DB를 다루고 활용할 수 있는 기술까지 익힙니다.","
초급
","
 Python, MongoDB, 데이터베이스
"
https://www.inflearn.com/course/python-data-security,파이썬을 활용한 데이터분석과 IT보안,보안프로젝트,"₩132,000",94,이번 강의는 파이썬을 활용한 데이터 분석과 IT보안 영역 적용 방법을 가이드 해주는 강의입니다.,"
초급
","
 Python, 데이터 분석, 정보보안
"
https://www.inflearn.com/course/캐글-설문조사,캐글 설문조사로 데이터 분석 입문하기,박조은,무료,99,"캐글은 어떤 플랫폼일까요? 해마다 캐글에서는 전세계 사용자를 대상으로 설문조사를 합니다. 데이터 사이언스를 배우고자 할 때 여러 궁금증이 생깁니다.
지금 시작하기에 너무 늦지는 않았을까? Python과 R 중에 어떤 언어를 선택해야 할까? 급여는 어느 정도일까?
전세계 사용자의 응답을 통해 궁금증을 해소해 보세요!
Pandas의 강력한 몇 가지 기능만으로 빈도수 분석과 데이터 시각화를 할 수 있습니다.","
초급
","
 Kaggle, 데이터 분석, Pandas
"
https://www.inflearn.com/course/r-text-mining,R로 하는 텍스트마이닝 (Top keyword부터 감성분석까지),코코,"₩44,000",88,R을 통해 텍스트의 top keyword / wordcloud / 감성분석 / Topic modeling까지 같이 차근차근 해보는 강의 입니다.,"
초급
","
 R, 데이터 분석, 웹 크롤링
"
https://www.inflearn.com/course/sql-db-mysql-파이썬-데이터분석,SQL/DB(MySQL) 기본부터 파이썬/데이터분석 활용까지!,잔재미코딩,"₩66,000",97,"이 강좌를 통해, SQL과 데이터베이스의 이해에서 부터, SQL 문법, 그리고 실제 활용을 위한 데이터베이스 설계, 프로그래밍을 통한 데이터베이스 활용, 데이터 분석 활용 예까지 익힐 수 있습니다.","
초급
","
 Python, SQL, MySQL
"
https://www.inflearn.com/course/pandas-팬더스-데이터분석-기초,Pandas 팬더스 데이터분석 기초 실습,Minsuk Heo,무료,97,"데이터 과학 실무에서 유용하게 사용되는 Pandas 명령어들을 짧은 강의 형식으로 소개하며, 강의에 사용된 모든 코드는 깃허브에서 직접 보시고, 다운받아 실습하실 수 있습니다.  ","
초급
","
 Pandas, 데이터 분석
"
https://www.inflearn.com/course/나도코딩-데이터분석-시각화,파이썬 무료 강의 (활용편5) - 데이터 분석 및 시각화,나도코딩,무료,0,"파이썬을 활용하여 많은 양의 데이터를 분석하고, 분석한 데이터를 그래프 형태로 시각화하여 한 눈에 쉽게 파악할 수 있게 됩니다.","
초급
","
 Pandas, Matplotlib, 데이터 분석
"
https://www.inflearn.com/course/데이터-분석-실무-파워쿼리,데이터 분석 전처리 실무 - 파워쿼리,마소캠퍼스,"₩129,800",100,"코딩을 몰라도 엑셀이면 충분하다! 비전공자도 엑셀로 많은 양의 데이터를 병합, 편집 및 정리하고 다루기 쉽게 자동화 통해 자동화를 배우는 강의입니다.","
초급
","
 데이터 분석, Excel PowerQuery
"
https://www.inflearn.com/course/빅데이터분석기사-실기,빅데이터분석기사 실기대비 (R 활용),companionclub,"₩60,500",99,"R로 빅데이터 분석기사 실기를 준비하는 분들이 시험을 대비할 수 있도록 도와드립니다. 빅데이터 분석기사 실기 시험에 출제되었던 문제들을 바탕으로 꼭 필요한 부분들만 선별해서 알려드립니다. 과정을 완료하시면 빅데이터 분석기사 실기 합격에 한 걸음 다가가실 수 있습니다.

21년 12월에 시행된 제 3회 실기시험에 대해 리뷰하고 관련 스크립트와 데이터를 업로드 해두었습니다.
최신 시험에 대한 내용도 확인하세요.","
초급
","
 빅데이터
"
https://www.inflearn.com/course/spotfire-고급-1,TIBCO Spotfire 사용자교육 고급편 1: 데이터 시각화,피앤디솔루션,"₩60,500",97,"시각화 솔루션 TIBCO Spotfire - 사용자교육 고급편은 기초편에서 간단하게 다루었던 기능들의 다양한 활용방법, 계산된 칼럼에 활용할 수 있는 Spotfire 함수, Spotfire에서 제공하는 통계분석 기능 등을 학습하는 과정입니다. 
그 중 첫번째 파트에서는 시각화 차트에 대한 심화 과정과 시각화 화면을 설정하는 방법들에 대해 알아봅니다.","
초급
","
 데이터 시각화, Spotfire
"
https://www.inflearn.com/course/웹크롤링-축구선수분석,[Python 실전] 웹크롤링과 데이터분석 : 전세계 축구 선수 몸값 분석,코딩교양스쿨,무료,98,"손흥민 통산 100호골 기념 프로젝트! 
트랜스퍼마켓(Transfermarkt) 실전 크롤링 & 데이터 분석","
초급
","
 Python, Pandas, 웹 크롤링
"
https://www.inflearn.com/course/머신러닝-통계학-기초-r,[R로 하는] 머신러닝을 위한 통계학 기초,코코,"₩49,500",80,머신러닝을 공부하고 싶지만 통계학적 지식이 부족한 사람들 위한 강의 입니다.,"
초급
","
 머신러닝, 인공지능, 통계
"
https://www.inflearn.com/course/python-주가-백테스팅,Python을 이용한 주가 백테스팅 시스템 구축하기,choi2505,"₩55,000",92,본 강의는 Python으로 주가 백테스트를 하는 방법을 처음부터 끝까지 전반적으로 훑어보는 강의입니다.,"
초급
","
 Python, MySQL, Pandas
"
https://www.inflearn.com/course/파이썬-크롤링-실시간-트렌드-홈페이지,실시간 트렌드 홈페이지 개발(파이썬 크롤링 + Flask),개복치개발자,"₩13,200",96,"플라스크(Flask)와 파이썬 크롤링을 통하여, 원하는 정보를 크롤링하여 보여주는 홈페이지를 개발해봅니다.","
초급
","
 Python, 웹 크롤링
"
https://www.inflearn.com/course/matlab-python-data-analysis,MATLAB처럼 쓰는 PYTHON,박범진,무료,95,MATLAB 의 문법과 매칭되는 PYTHON의 문법만을 뽑아 빠르게 MATLAB 코드를 PYTHON으로 바꾸실 수 있습니다.,"
초급
","
 Python, MATLAB
"
https://www.inflearn.com/course/데이터-사이언스-kaggle,캐글 실습으로 배우는 데이터 사이언스,박조은,무료,95,머신러닝과 데이터 사이언스 경진대회 플랫폼인 캐글을 통해 데이터 분석과 머신러닝에 입문해 봅니다.,"
초급
","
 데이터 과학, Kaggle
"
https://www.inflearn.com/course/파이썬-실무-마소캠,파이썬 실무,마소캠퍼스,"₩69,300",100,"파이썬 입문자에서 벗어나 파이썬 실무 최강자로 업그레이드하는 과정! 
파이썬을 활용한 데이터 분석, 데이터 시각화에 대해 배우고, 실전 프로젝트를 통해 회사 업무에 대한 활용력을 높여보세요.","
초급
","
 Python, Numpy, Pandas
"
https://www.inflearn.com/course/데이터사이언스-의사결정-마스터,데이터 사이언스로 내리는 경영 의사결정 마스터 클래스,마소캠퍼스,"₩159,500",100,데이터 분석 도구 사용법을 넘어 실무에서 쉽게 마주하는 비즈니스 문제를 기반으로 한 스토리를 따라가며 실제 BQ를 해결해가는 Problem-Based Learning 과정입니다.,"
초급
","
 데이터 분석, 데이터 처리, 경영노하우
"
https://www.inflearn.com/course/소프트캠퍼스-판다스-데이터분석,김일한의 파이썬 기반 판다스(Pandas)를 활용한 데이터 분석,소프트캠퍼스,"₩66,000",100,"본 과정은 판다스 라이브러리를 활용하여 데이터분석 방법을 학습하는 과정입니다.  
라이브러리 학습과 샘플 데이터분석을 병행하여 실전 적용방법을 학습합니다.","
초급
","
 Pandas, 데이터 분석, Anaconda
"
https://www.inflearn.com/course/powerbi-데이터분석-시각화-기본,쉽고 빠르게 익히는 Power BI (기본편),오피스튜터,"₩99,000",98,Microsoft 사의 데이터 분석 및 시각화 도구인 Power BI를 사용하여 데이터를 효과적으로 분석하고 시각화 하는 방법을 이해합니다.,"
초급
","
 MS-Office, 데이터 분석, 데이터 시각화
"
https://www.inflearn.com/course/캐글-파이썬-입문-포트폴리오,(Python) 누구나 캐글에 입문할 수 있다 (feat. 지방대/비전공/인문학도),ChloEvan,"₩36,300",0,"이 강의를 통해서 수강생은 캐글에 자연스럽게 입문하게 될 것입니다. 
이 강의를 통해서 수강생은 취업을 위한 포트폴리오를 만들 것입니다.","
초급
","
 Python, 데이터 분석, Kaggle
"
https://www.inflearn.com/course/초간단-초스피드-파이썬-크롤링-데이터-수집,초간단 초스피드 데이터 수집 (파이썬 크롤링),개복치개발자,"₩11,000",78,"코드 6줄로 크롤링이 가능한 것을 볼 수 있습니다.
짧은 시간 안에 빠르고 간단하게 크롤링을 배워봅니다.","
초급
","
 Python, 웹 크롤링
"
https://www.inflearn.com/course/파이썬-데이터-시각화-프로젝트,파이썬 데이터시각화 분석 실전 프로젝트,노마드크리에이터,"₩33,000",83,"보스톤 마라톤 빅 데이터를 파이썬을 이용하여 원하는 형태로 가공하여 다양한 차트와 기술을 이용하여 가치있는 정보로 만드는 머신러닝, 딥러닝 프로젝트 준비 과정입니다. ","
초급
","
 Python, Pandas, 데이터 분석
"
https://www.inflearn.com/course/r-shiny-시각화-이재화,Shiny 그리고 시각화 R Go! 하자!,이수화,무료,96,"이 수업을 통하여 R 샤이니를 정확하게 이해할 수 있으며, 동작하는 방식 과 구축하는 방법을 체계적으로 배워나가실 수 있습니다.
또한  R샤이니를 활용하여  [움직이는 워드클라우드], [인공지능 이미지 판단] 을 할 수 있는 웹 어플리케이션을 구축해보도록 하겠습니다!","
초급
","
 R, 데이터 분석, 데이터 시각화
"
https://www.inflearn.com/course/데이터-분석-중급-sql,[백문이불여일타] 데이터 분석을 위한 중급 SQL,데이터리안,"₩38,500",98,"인프런 누적 수강생 9000명 이상, 풍부한 온/오프라인 강의 경험을 가진 데이터리안의 SQL 중급 강의. 
SQL 중급 이론을 배우고, 실습 문제를 함께 풀어봅니다.","
초급, 중급이상
","
 SQL, 데이터 분석
"
title,course_link,instructor,rating,price,description,level,skills